FECHA HORA,V1 [Volts],V2 [Volts],V1 [Volts],V2 [Volts],TEMPERATURA [ÂºC],HUMEDAD [%],LAT, LONG,C1 [A],C2 [A],Voltaje AC [Volts],Corriente AC [A]
29/08/2023 01:25:45,24.0,24.0,196.0,193.0,18.0,42.0000,-33.4569,-33.5,50.0,47.0,208.0
29/08/2023 01:26:16,23.0,24.0,203.0,201.0,18.0,20.0000,-33.4569,-33.5,46.0,52.0,205.0
29/08/2023 01:26:47,24.0,24.0,197.0,200.0,22.0,32.0000,-33.4569,-33.5,45.0,54.0,203.0
29/08/2023 01:27:17,24.0,23.0,204.0,204.0,16.0,29.0000,-33.4569,-33.5,51.0,53.0,218.0
29/08/2023 01:27:48,23.0,24.0,201.0,200.0,15.0,19.0000,-33.4569,-33.5,48.0,52.0,203.0
29/08/2023 01:28:19,23.0,23.0,195.0,192.0,26.0,32.0000,-33.4569,-33.5,51.0,48.0,186.0
29/08/2023 01:28:49,24.0,23.0,204.0,198.0,17.0,33.0000,-33.4569,-33.5,45.0,50.0,225.0
29/08/2023 01:29:20,23.0,23.0,200.0,190.0,27.0,34.0000,-33.4569,-33.5,51.0,52.0,193.0
29/08/2023 01:29:51,24.0,23.0,199.0,201.0,24.0,38.0000,-33.4569,-33.5,51.0,50.0,226.0
29/08/2023 01:30:22,23.0,23.0,203.0,191.0,19.0,28.0000,-33.4569,-33.5,51.0,49.0,229.0
29/08/2023 01:30:52,24.0,23.0,204.0,205.0,24.0,30.0000,-33.4569,-33.5,50.0,53.0,220.0
29/08/2023 01:31:23,23.0,24.0,204.0,191.0,26.0,27.0000,-33.4569,-33.5,46.0,47.0,180.0
29/08/2023 01:31:54,24.0,24.0,202.0,198.0,27.0,22.0000,-33.4569,-33.5,50.0,47.0,208.0
29/08/2023 01:32:55,23.0,23.0,202.0,198.0,24.0,24.0,-33.4569,-33.5,51.0000,51.0,234.0,45.0
29/08/2023 01:33:25,23.0,23.0,204.0,201.0,21.0,19.0,-33.4569,-33.5,45.0000,54.0,187.0,43.0
29/08/2023 01:33:56,23.0,24.0,198.0,202.0,16.0,22.0,-33.4569,-33.5,50.0000,54.0,209.0,41.0
29/08/2023 01:45:18,23.0,23.0,197.0,207.0,19.0,37.0,-33.4569,-33.5,50.0000,50.0,199.0,43.0
29/08/2023 01:45:49,23.0,23.0,202.0,201.0,18.0,42.0,-33.4569,-33.5,46.0000,51.0,182.0,44.0
29/08/2023 01:46:20,23.0,24.0,201.0,200.0,22.0,32.0,-33.4569,-33.5,48.0000,49.0,205.0,47.0
29/08/2023 01:46:50,24.0,24.0,198.0,193.0,22.0,23.0,-33.4569,-33.5,50.0000,48.0,224.0,50.0
29/08/2023 01:47:21,23.0,23.0,201.0,192.0,27.0,25.0,-33.4569,-33.5,50.0000,50.0,188.0,42.0
29/08/2023 01:47:52,23.0,23.0,201.0,201.0,26.0,20.0,-33.4569,-33.5,46.0000,51.0,224.0,44.0
29/08/2023 01:48:22,24.0,24.0,198.0,196.0,19.0,27.0,-33.4569,-33.5,46.0000,48.0,203.0,46.0
29/08/2023 01:48:53,23.0,24.0,201.0,208.0,25.0,31.0,-33.4569,-33.5,49.0000,48.0,203.0,45.0
29/08/2023 01:49:24,23.0,23.0,199.0,209.0,26.0,20.0,-33.4569,-33.5,51.0000,48.0,181.0,50.0
29/08/2023 01:49:54,24.0,23.0,195.0,195.0,23.0,35.0,-33.4569,-33.5,47.0000,49.0,226.0,44.0
29/08/2023 01:50:25,24.0,23.0,199.0,192.0,26.0,21.0,-33.4569,-33.5,48.0000,47.0,194.0,47.0
29/08/2023 01:50:56,23.0,24.0,204.0,197.0,21.0,25.0,-33.4569,-33.5,50.0000,47.0,198.0,44.0
29/08/2023 01:51:26,23.0,24.0,204.0,206.0,15.0,19.0,-33.4569,-33.5,51.0000,50.0,229.0,45.0
29/08/2023 01:51:57,23.0,23.0,198.0,205.0,24.0,22.0,-33.4569,-33.5,49.0000,54.0,203.0,42.0
29/08/2023 01:52:28,23.0,24.0,200.0,198.0,20.0,32.0,-33.4569,-33.5,49.0000,51.0,216.0,40.0
29/08/2023 01:52:58,24.0,24.0,204.0,190.0,21.0,27.0,-33.4569,-33.5,50.0000,53.0,225.0,47.0
29/08/2023 01:53:29,24.0,23.0,204.0,192.0,15.0,32.0,-33.4569,-33.5,50.0000,54.0,220.0,49.0
29/08/2023 01:54:00,23.0,24.0,199.0,206.0,16.0,38.0,-33.4569,-33.5,51.0000,53.0,186.0,49.0
29/08/2023 01:54:30,23.0,23.0,203.0,193.0,27.0,42.0,-33.4569,-33.5,45.0000,50.0,234.0,50.0
29/08/2023 01:55:01,24.0,23.0,199.0,190.0,20.0,27.0,-33.4569,-33.5,46.0000,48.0,202.0,48.0
29/08/2023 01:55:32,24.0,23.0,199.0,190.0,23.0,38.0,-33.4569,-33.5,48.0000,48.0,211.0,42.0
29/08/2023 01:56:02,24.0,23.0,201.0,207.0,16.0,33.0,-33.4569,-33.5,46.0000,51.0,194.0,49.0
29/08/2023 01:56:33,24.0,24.0,198.0,194.0,26.0,32.0,-33.4569,-33.5,45.0000,52.0,201.0,45.0
29/08/2023 01:57:04,23.0,24.0,204.0,207.0,27.0,22.0,-33.4569,-33.5,45.0000,48.0,238.0,40.0
29/08/2023 01:57:34,24.0,24.0,195.0,194.0,26.0,32.0,-33.4569,-33.5,51.0000,48.0,221.0,41.0
29/08/2023 01:58:05,23.0,24.0,202.0,192.0,16.0,39.0,-33.4569,-33.5,47.0000,47.0,222.0,40.0
29/08/2023 01:58:36,24.0,23.0,204.0,197.0,23.0,19.0,-33.4569,-33.5,51.0000,49.0,186.0,50.0
29/08/2023 01:59:06,23.0,23.0,196.0,206.0,22.0,26.0,-33.4569,-33.5,46.0000,51.0,207.0,42.0
29/08/2023 01:59:37,24.0,23.0,195.0,194.0,21.0,21.0,-33.4569,-33.5,47.0000,51.0,207.0,48.0
29/08/2023 02:00:08,23.0,24.0,204.0,200.0,26.0,32.0,-33.4569,-33.5,45.0000,49.0,201.0,50.0
29/08/2023 02:00:38,23.0,23.0,202.0,201.0,23.0,23.0,-33.4569,-33.5,47.0000,52.0,198.0,47.0
29/08/2023 02:01:09,24.0,23.0,198.0,194.0,21.0,22.0,-33.4569,-33.5,49.0000,53.0,182.0,43.0
29/08/2023 02:01:40,23.0,23.0,196.0,195.0,21.0,39.0,-33.4569,-33.5,48.0000,51.0,184.0,44.0
29/08/2023 02:02:10,24.0,23.0,196.0,200.0,25.0,24.0,-33.4569,-33.5,49.0000,48.0,191.0,46.0
29/08/2023 02:02:41,24.0,23.0,198.0,196.0,26.0,38.0,-33.4569,-33.5,49.0000,47.0,187.0,40.0
29/08/2023 02:03:12,23.0,23.0,202.0,196.0,19.0,35.0,-33.4569,-33.5,50.0000,50.0,194.0,47.0
29/08/2023 02:03:43,24.0,23.0,196.0,201.0,21.0,35.0,-33.4569,-33.5,48.0000,48.0,229.0,40.0
29/08/2023 02:04:13,24.0,24.0,202.0,208.0,16.0,39.0,-33.4569,-33.5,48.0000,48.0,191.0,48.0
29/08/2023 02:04:44,24.0,23.0,200.0,192.0,20.0,20.0,-33.4569,-33.5,51.0000,48.0,188.0,47.0
29/08/2023 02:05:15,24.0,24.0,200.0,207.0,23.0,39.0,-33.4569,-33.5,50.0000,54.0,182.0,44.0
29/08/2023 02:05:45,24.0,24.0,200.0,194.0,24.0,29.0,-33.4569,-33.5,45.0000,47.0,206.0,43.0
29/08/2023 02:06:16,24.0,24.0,200.0,192.0,21.0,40.0,-33.4569,-33.5,50.0000,51.0,202.0,46.0
29/08/2023 02:06:47,23.0,23.0,197.0,195.0,19.0,42.0,-33.4569,-33.5,45.0000,50.0,194.0,47.0
29/08/2023 02:07:17,23.0,24.0,197.0,192.0,19.0,34.0,-33.4569,-33.5,51.0000,53.0,225.0,42.0
29/08/2023 02:07:48,23.0,23.0,203.0,202.0,20.0,37.0,-33.4569,-33.5,49.0000,47.0,224.0,49.0
29/08/2023 02:08:19,24.0,23.0,203.0,196.0,27.0,22.0,-33.4569,-33.5,47.0000,54.0,191.0,44.0
29/08/2023 02:08:49,24.0,23.0,204.0,204.0,20.0,20.0,-33.4569,-33.5,46.0000,49.0,182.0,47.0
29/08/2023 02:09:20,24.0,23.0,195.0,198.0,24.0,34.0,-33.4569,-33.5,45.0000,51.0,213.0,46.0
29/08/2023 02:09:51,24.0,24.0,202.0,209.0,16.0,28.0,-33.4569,-33.5,46.0000,54.0,205.0,40.0
29/08/2023 02:10:21,24.0,24.0,200.0,200.0,25.0,26.0,-33.4569,-33.5,51.0000,53.0,196.0,48.0
29/08/2023 02:10:52,24.0,23.0,200.0,198.0,18.0,28.0,-33.4569,-33.5,46.0000,53.0,230.0,48.0
29/08/2023 02:11:23,23.0,23.0,196.0,191.0,22.0,33.0,-33.4569,-33.5,51.0000,48.0,218.0,48.0
29/08/2023 02:11:53,23.0,24.0,204.0,201.0,15.0,41.0,-33.4569,-33.5,45.0000,54.0,234.0,47.0
29/08/2023 02:12:24,23.0,23.0,204.0,193.0,20.0,32.0,-33.4569,-33.5,46.0000,50.0,198.0,46.0
29/08/2023 02:12:55,23.0,24.0,200.0,207.0,20.0,30.0,-33.4569,-33.5,51.0000,47.0,218.0,43.0
29/08/2023 02:13:25,24.0,24.0,202.0,203.0,15.0,38.0,-33.4569,-33.5,47.0000,53.0,190.0,45.0
29/08/2023 02:13:56,24.0,23.0,204.0,192.0,21.0,36.0,-33.4569,-33.5,45.0000,53.0,191.0,43.0
29/08/2023 02:14:27,24.0,23.0,203.0,198.0,18.0,33.0,-33.4569,-33.5,45.0000,53.0,199.0,44.0
29/08/2023 02:14:57,24.0,24.0,196.0,198.0,26.0,25.0,-33.4569,-33.5,51.0000,47.0,217.0,41.0
29/08/2023 02:15:28,23.0,23.0,203.0,200.0,22.0,41.0,-33.4569,-33.5,49.0000,49.0,235.0,45.0
29/08/2023 02:15:59,24.0,24.0,197.0,207.0,25.0,25.0,-33.4569,-33.5,50.0000,50.0,210.0,40.0
29/08/2023 02:16:29,23.0,23.0,200.0,206.0,18.0,44.0,-33.4569,-33.5,45.0000,53.0,222.0,46.0
29/08/2023 02:17:00,23.0,24.0,198.0,207.0,20.0,23.0,-33.4569,-33.5,51.0000,54.0,226.0,49.0
29/08/2023 02:17:31,24.0,23.0,196.0,197.0,21.0,39.0,-33.4569,-33.5,45.0000,47.0,186.0,42.0
29/08/2023 02:18:01,24.0,23.0,199.0,209.0,26.0,33.0,-33.4569,-33.5,48.0000,50.0,237.0,46.0
29/08/2023 02:18:32,23.0,23.0,204.0,209.0,25.0,36.0,-33.4569,-33.5,47.0000,52.0,184.0,48.0
29/08/2023 02:19:03,23.0,24.0,196.0,190.0,22.0,24.0,-33.4569,-33.5,45.0000,48.0,217.0,45.0
29/08/2023 02:19:33,24.0,24.0,200.0,207.0,22.0,28.0,-33.4569,-33.5,51.0000,50.0,191.0,44.0
29/08/2023 02:20:04,24.0,24.0,201.0,191.0,27.0,22.0,-33.4569,-33.5,47.0000,53.0,205.0,41.0
29/08/2023 02:20:35,24.0,24.0,200.0,202.0,20.0,37.0,-33.4569,-33.5,47.0000,52.0,231.0,50.0
29/08/2023 02:21:06,24.0,24.0,201.0,197.0,18.0,31.0,-33.4569,-33.5,45.0000,50.0,227.0,49.0
29/08/2023 02:21:36,23.0,24.0,197.0,206.0,27.0,28.0,-33.4569,-33.5,49.0000,52.0,183.0,43.0
29/08/2023 02:22:07,23.0,24.0,201.0,191.0,21.0,22.0,-33.4569,-33.5,49.0000,48.0,229.0,48.0
29/08/2023 02:22:38,23.0,23.0,204.0,193.0,24.0,21.0,-33.4569,-33.5,50.0000,48.0,224.0,48.0
29/08/2023 02:23:08,24.0,24.0,204.0,198.0,24.0,37.0,-33.4569,-33.5,47.0000,48.0,195.0,40.0
29/08/2023 02:23:39,24.0,24.0,198.0,191.0,18.0,43.0,-33.4569,-33.5,46.0000,54.0,193.0,47.0
29/08/2023 02:24:10,23.0,24.0,203.0,201.0,18.0,28.0,-33.4569,-33.5,46.0000,51.0,195.0,42.0
29/08/2023 02:24:40,23.0,23.0,197.0,208.0,21.0,44.0,-33.4569,-33.5,51.0000,51.0,211.0,45.0
29/08/2023 02:25:11,24.0,24.0,195.0,199.0,19.0,27.0,-33.4569,-33.5,48.0000,53.0,188.0,47.0
29/08/2023 02:25:42,24.0,24.0,197.0,191.0,25.0,33.0,-33.4569,-33.5,50.0000,51.0,188.0,50.0
29/08/2023 02:26:12,24.0,24.0,203.0,206.0,16.0,27.0,-33.4569,-33.5,46.0000,48.0,181.0,48.0
29/08/2023 02:26:43,23.0,23.0,200.0,198.0,25.0,27.0,-33.4569,-33.5,46.0000,50.0,187.0,41.0
29/08/2023 02:27:14,24.0,23.0,198.0,202.0,24.0,21.0,-33.4569,-33.5,47.0000,52.0,224.0,41.0
29/08/2023 02:27:44,24.0,24.0,198.0,197.0,18.0,43.0,-33.4569,-33.5,47.0000,47.0,211.0,41.0
29/08/2023 02:28:15,23.0,24.0,195.0,199.0,26.0,39.0,-33.4569,-33.5,50.0000,49.0,219.0,41.0
29/08/2023 02:28:46,24.0,23.0,204.0,192.0,17.0,21.0,-33.4569,-33.5,45.0000,48.0,200.0,47.0
29/08/2023 02:29:16,24.0,24.0,198.0,208.0,17.0,43.0,-33.4569,-33.5,48.0000,49.0,203.0,50.0
29/08/2023 02:29:47,24.0,24.0,196.0,192.0,26.0,32.0,-33.4569,-33.5,46.0000,54.0,209.0,50.0
29/08/2023 02:30:18,24.0,23.0,203.0,207.0,18.0,29.0,-33.4569,-33.5,51.0000,52.0,216.0,46.0
29/08/2023 02:30:48,24.0,23.0,201.0,194.0,20.0,33.0,-33.4569,-33.5,49.0000,47.0,235.0,49.0
29/08/2023 02:31:19,23.0,24.0,202.0,190.0,27.0,24.0,-33.4569,-33.5,49.0000,49.0,192.0,44.0
29/08/2023 02:31:50,23.0,24.0,200.0,205.0,21.0,25.0,-33.4569,-33.5,48.0000,53.0,218.0,47.0
29/08/2023 02:32:20,24.0,24.0,198.0,192.0,19.0,34.0,-33.4569,-33.5,51.0000,50.0,198.0,50.0
29/08/2023 02:32:51,23.0,23.0,201.0,194.0,15.0,25.0,-33.4569,-33.5,49.0000,50.0,220.0,42.0
29/08/2023 02:33:22,23.0,24.0,196.0,197.0,16.0,37.0,-33.4569,-33.5,48.0000,51.0,187.0,50.0
29/08/2023 02:33:52,23.0,24.0,200.0,194.0,26.0,25.0,-33.4569,-33.5,46.0000,52.0,196.0,48.0
29/08/2023 02:34:23,24.0,23.0,200.0,202.0,25.0,23.0,-33.4569,-33.5,49.0000,53.0,226.0,44.0
29/08/2023 02:34:54,24.0,23.0,198.0,203.0,24.0,41.0,-33.4569,-33.5,51.0000,47.0,202.0,45.0
29/08/2023 02:35:24,24.0,24.0,202.0,197.0,21.0,21.0,-33.4569,-33.5,45.0000,52.0,223.0,48.0
29/08/2023 02:35:55,24.0,23.0,201.0,208.0,19.0,42.0,-33.4569,-33.5,50.0000,53.0,219.0,46.0
29/08/2023 02:36:26,23.0,23.0,201.0,196.0,18.0,26.0,-33.4569,-33.5,45.0000,49.0,205.0,42.0
29/08/2023 02:36:56,23.0,23.0,197.0,208.0,19.0,21.0,-33.4569,-33.5,47.0000,50.0,203.0,40.0
29/08/2023 02:37:27,23.0,24.0,204.0,190.0,21.0,34.0,-33.4569,-33.5,51.0000,54.0,197.0,40.0
29/08/2023 02:37:58,24.0,23.0,204.0,191.0,23.0,20.0,-33.4569,-33.5,48.0000,50.0,190.0,41.0
29/08/2023 02:38:28,23.0,23.0,203.0,204.0,17.0,20.0,-33.4569,-33.5,45.0000,48.0,214.0,44.0
29/08/2023 02:38:59,24.0,24.0,200.0,194.0,16.0,23.0,-33.4569,-33.5,46.0000,53.0,192.0,41.0
29/08/2023 02:39:30,24.0,24.0,203.0,199.0,25.0,22.0,-33.4569,-33.5,46.0000,50.0,238.0,49.0
29/08/2023 02:40:00,24.0,23.0,197.0,203.0,22.0,22.0,-33.4569,-33.5,50.0000,50.0,213.0,45.0
29/08/2023 02:40:31,24.0,24.0,200.0,197.0,20.0,29.0,-33.4569,-33.5,45.0000,50.0,182.0,40.0
29/08/2023 02:41:02,23.0,23.0,195.0,208.0,27.0,31.0,-33.4569,-33.5,51.0000,53.0,225.0,48.0
29/08/2023 02:41:33,23.0,23.0,197.0,203.0,21.0,29.0,-33.4569,-33.5,49.0000,53.0,211.0,41.0
29/08/2023 02:42:03,24.0,23.0,200.0,192.0,19.0,29.0,-33.4569,-33.5,45.0000,51.0,193.0,50.0
29/08/2023 02:42:34,23.0,23.0,195.0,197.0,15.0,31.0,-33.4569,-33.5,48.0000,54.0,192.0,40.0
29/08/2023 02:43:05,24.0,23.0,200.0,199.0,24.0,33.0,-33.4569,-33.5,50.0000,54.0,185.0,45.0
29/08/2023 02:43:35,24.0,24.0,204.0,200.0,26.0,40.0,-33.4569,-33.5,47.0000,48.0,218.0,48.0
29/08/2023 02:44:06,23.0,23.0,196.0,190.0,17.0,27.0,-33.4569,-33.5,49.0000,53.0,186.0,42.0
29/08/2023 02:44:37,23.0,23.0,203.0,194.0,15.0,39.0,-33.4569,-33.5,45.0000,48.0,204.0,40.0
29/08/2023 02:45:07,23.0,23.0,197.0,204.0,16.0,40.0,-33.4569,-33.5,45.0000,50.0,201.0,42.0
29/08/2023 02:45:38,24.0,23.0,199.0,203.0,23.0,42.0,-33.4569,-33.5,51.0000,53.0,210.0,46.0
29/08/2023 02:46:09,23.0,24.0,203.0,191.0,25.0,26.0,-33.4569,-33.5,50.0000,48.0,218.0,45.0
29/08/2023 02:46:39,24.0,24.0,197.0,199.0,16.0,27.0,-33.4569,-33.5,48.0000,47.0,188.0,44.0
29/08/2023 02:47:10,24.0,24.0,204.0,201.0,27.0,23.0,-33.4569,-33.5,51.0000,49.0,208.0,48.0
29/08/2023 02:47:41,23.0,24.0,196.0,194.0,16.0,28.0,-33.4569,-33.5,47.0000,51.0,184.0,43.0
29/08/2023 02:48:11,23.0,23.0,201.0,203.0,20.0,34.0,-33.4569,-33.5,48.0000,51.0,199.0,47.0
29/08/2023 02:48:42,23.0,24.0,202.0,207.0,21.0,29.0,-33.4569,-33.5,46.0000,50.0,191.0,44.0
29/08/2023 02:49:13,24.0,23.0,200.0,198.0,16.0,33.0,-33.4569,-33.5,47.0000,47.0,234.0,45.0
29/08/2023 02:49:43,24.0,23.0,204.0,196.0,26.0,42.0,-33.4569,-33.5,46.0000,54.0,212.0,40.0
29/08/2023 02:50:14,24.0,24.0,204.0,206.0,20.0,37.0,-33.4569,-33.5,45.0000,53.0,202.0,50.0
29/08/2023 02:50:45,24.0,23.0,202.0,198.0,26.0,26.0,-33.4569,-33.5,48.0000,52.0,198.0,45.0
29/08/2023 02:51:15,23.0,23.0,201.0,205.0,17.0,38.0,-33.4569,-33.5,49.0000,50.0,232.0,43.0
29/08/2023 02:51:46,24.0,23.0,198.0,193.0,16.0,30.0,-33.4569,-33.5,51.0000,54.0,235.0,44.0
29/08/2023 02:52:17,23.0,24.0,203.0,204.0,24.0,40.0,-33.4569,-33.5,46.0000,54.0,188.0,45.0
29/08/2023 02:52:47,23.0,24.0,202.0,203.0,24.0,30.0,-33.4569,-33.5,51.0000,54.0,236.0,47.0
29/08/2023 02:53:18,24.0,24.0,198.0,207.0,20.0,36.0,-33.4569,-33.5,51.0000,52.0,200.0,41.0
29/08/2023 02:53:49,23.0,23.0,197.0,200.0,25.0,41.0,-33.4569,-33.5,51.0000,48.0,207.0,40.0
29/08/2023 02:54:19,24.0,23.0,203.0,197.0,27.0,31.0,-33.4569,-33.5,47.0000,51.0,192.0,50.0
29/08/2023 02:54:50,24.0,24.0,203.0,202.0,20.0,26.0,-33.4569,-33.5,46.0000,47.0,199.0,45.0
29/08/2023 02:55:21,23.0,23.0,204.0,198.0,24.0,42.0,-33.4569,-33.5,45.0000,52.0,223.0,47.0
29/08/2023 02:55:51,23.0,24.0,201.0,206.0,21.0,36.0,-33.4569,-33.5,51.0000,47.0,226.0,42.0
29/08/2023 02:56:22,23.0,24.0,203.0,209.0,16.0,36.0,-33.4569,-33.5,48.0000,53.0,220.0,49.0
29/08/2023 02:56:53,23.0,24.0,196.0,207.0,24.0,22.0,-33.4569,-33.5,49.0000,54.0,231.0,50.0
29/08/2023 02:57:23,24.0,24.0,201.0,203.0,23.0,38.0,-33.4569,-33.5,48.0000,53.0,219.0,40.0
29/08/2023 02:57:54,23.0,24.0,197.0,193.0,26.0,22.0,-33.4569,-33.5,51.0000,49.0,218.0,43.0
29/08/2023 02:58:25,24.0,23.0,201.0,198.0,15.0,43.0,-33.4569,-33.5,48.0000,53.0,212.0,43.0
29/08/2023 02:58:56,24.0,24.0,203.0,195.0,26.0,25.0,-33.4569,-33.5,48.0000,54.0,187.0,47.0
29/08/2023 02:59:26,24.0,24.0,200.0,195.0,22.0,38.0,-33.4569,-33.5,50.0000,48.0,222.0,43.0
29/08/2023 02:59:57,24.0,23.0,197.0,204.0,18.0,42.0,-33.4569,-33.5,49.0000,52.0,196.0,48.0
29/08/2023 03:00:28,23.0,24.0,203.0,195.0,15.0,40.0,-33.4569,-33.5,50.0000,51.0,231.0,47.0
29/08/2023 03:00:58,24.0,24.0,198.0,196.0,26.0,36.0,-33.4569,-33.5,48.0000,53.0,211.0,40.0
29/08/2023 03:01:29,24.0,24.0,197.0,207.0,20.0,40.0,-33.4569,-33.5,46.0000,51.0,222.0,50.0
29/08/2023 03:02:00,24.0,23.0,197.0,204.0,18.0,20.0,-33.4569,-33.5,47.0000,52.0,183.0,47.0
29/08/2023 03:02:30,24.0,23.0,199.0,208.0,25.0,31.0,-33.4569,-33.5,46.0000,51.0,224.0,43.0
29/08/2023 03:03:01,24.0,24.0,204.0,200.0,16.0,34.0,-33.4569,-33.5,45.0000,53.0,198.0,43.0
29/08/2023 03:03:32,24.0,23.0,204.0,206.0,15.0,32.0,-33.4569,-33.5,47.0000,52.0,233.0,50.0
29/08/2023 03:04:02,23.0,24.0,203.0,206.0,21.0,28.0,-33.4569,-33.5,47.0000,51.0,229.0,43.0
29/08/2023 03:04:33,24.0,23.0,196.0,196.0,20.0,23.0,-33.4569,-33.5,49.0000,48.0,193.0,49.0
29/08/2023 03:05:04,23.0,24.0,203.0,193.0,26.0,33.0,-33.4569,-33.5,45.0000,50.0,233.0,50.0
29/08/2023 03:05:34,24.0,24.0,204.0,197.0,19.0,40.0,-33.4569,-33.5,51.0000,52.0,226.0,48.0
29/08/2023 03:06:05,23.0,23.0,203.0,202.0,19.0,41.0,-33.4569,-33.5,50.0000,50.0,205.0,48.0
29/08/2023 03:06:36,24.0,24.0,199.0,208.0,24.0,29.0,-33.4569,-33.5,49.0000,51.0,199.0,50.0
29/08/2023 03:07:06,23.0,23.0,197.0,199.0,25.0,30.0,-33.4569,-33.5,47.0000,47.0,218.0,44.0
29/08/2023 03:07:37,24.0,24.0,203.0,192.0,27.0,41.0,-33.4569,-33.5,48.0000,49.0,200.0,47.0
29/08/2023 03:08:08,23.0,23.0,195.0,202.0,16.0,33.0,-33.4569,-33.5,47.0000,47.0,227.0,49.0
29/08/2023 03:08:38,24.0,23.0,202.0,198.0,23.0,31.0,-33.4569,-33.5,45.0000,50.0,222.0,44.0
29/08/2023 03:09:09,23.0,24.0,202.0,209.0,21.0,39.0,-33.4569,-33.5,51.0000,51.0,217.0,45.0
29/08/2023 03:09:40,23.0,23.0,198.0,205.0,20.0,35.0,-33.4569,-33.5,48.0000,51.0,186.0,42.0
29/08/2023 03:10:10,23.0,23.0,202.0,208.0,19.0,39.0,-33.4569,-33.5,51.0000,52.0,231.0,42.0
29/08/2023 03:10:41,23.0,23.0,200.0,200.0,20.0,39.0,-33.4569,-33.5,48.0000,53.0,234.0,45.0
29/08/2023 03:11:12,24.0,23.0,204.0,197.0,19.0,42.0,-33.4569,-33.5,48.0000,48.0,197.0,46.0
29/08/2023 03:11:42,24.0,24.0,203.0,200.0,21.0,32.0,-33.4569,-33.5,47.0000,48.0,216.0,40.0
29/08/2023 03:12:13,24.0,24.0,200.0,205.0,27.0,41.0,-33.4569,-33.5,51.0000,49.0,199.0,41.0
29/08/2023 03:12:44,24.0,23.0,199.0,197.0,25.0,43.0,-33.4569,-33.5,49.0000,49.0,182.0,40.0
29/08/2023 03:13:14,24.0,24.0,197.0,193.0,22.0,21.0,-33.4569,-33.5,45.0000,47.0,227.0,49.0
29/08/2023 03:13:45,24.0,24.0,196.0,198.0,17.0,42.0,-33.4569,-33.5,45.0000,52.0,184.0,43.0
29/08/2023 03:14:16,23.0,24.0,200.0,209.0,27.0,23.0,-33.4569,-33.5,50.0000,49.0,221.0,41.0
29/08/2023 03:14:46,23.0,24.0,203.0,200.0,20.0,34.0,-33.4569,-33.5,48.0000,51.0,226.0,50.0
29/08/2023 03:15:17,23.0,24.0,204.0,204.0,21.0,27.0,-33.4569,-33.5,51.0000,52.0,201.0,40.0
29/08/2023 03:15:48,23.0,24.0,204.0,192.0,15.0,37.0,-33.4569,-33.5,46.0000,48.0,218.0,48.0
29/08/2023 03:16:19,24.0,24.0,204.0,202.0,25.0,30.0,-33.4569,-33.5,49.0000,50.0,190.0,40.0
29/08/2023 03:16:49,24.0,24.0,204.0,204.0,16.0,32.0,-33.4569,-33.5,50.0000,54.0,239.0,44.0
29/08/2023 03:17:20,23.0,23.0,201.0,200.0,22.0,37.0,-33.4569,-33.5,47.0000,54.0,224.0,47.0
29/08/2023 03:17:51,23.0,24.0,202.0,202.0,27.0,35.0,-33.4569,-33.5,46.0000,54.0,225.0,48.0
29/08/2023 03:18:21,23.0,23.0,197.0,191.0,21.0,43.0,-33.4569,-33.5,49.0000,49.0,197.0,46.0
29/08/2023 03:18:52,23.0,24.0,202.0,198.0,23.0,19.0,-33.4569,-33.5,46.0000,53.0,200.0,47.0
29/08/2023 03:19:23,24.0,24.0,198.0,198.0,24.0,42.0,-33.4569,-33.5,50.0000,51.0,181.0,46.0
29/08/2023 03:19:53,23.0,24.0,196.0,209.0,22.0,31.0,-33.4569,-33.5,51.0000,52.0,224.0,40.0
29/08/2023 03:20:24,24.0,23.0,203.0,195.0,21.0,32.0,-33.4569,-33.5,45.0000,48.0,193.0,41.0
29/08/2023 03:20:55,24.0,24.0,203.0,194.0,22.0,24.0,-33.4569,-33.5,51.0000,50.0,232.0,45.0
29/08/2023 03:21:25,24.0,23.0,199.0,197.0,15.0,19.0,-33.4569,-33.5,49.0000,48.0,223.0,49.0
29/08/2023 03:21:56,23.0,23.0,199.0,192.0,21.0,42.0,-33.4569,-33.5,46.0000,47.0,226.0,45.0
29/08/2023 03:22:27,24.0,24.0,198.0,190.0,21.0,43.0,-33.4569,-33.5,46.0000,50.0,230.0,44.0
29/08/2023 03:22:57,24.0,23.0,203.0,196.0,16.0,27.0,-33.4569,-33.5,45.0000,48.0,228.0,42.0
29/08/2023 03:23:28,23.0,24.0,199.0,194.0,26.0,27.0,-33.4569,-33.5,48.0000,53.0,191.0,50.0
29/08/2023 03:23:59,23.0,23.0,204.0,193.0,20.0,38.0,-33.4569,-33.5,48.0000,51.0,219.0,42.0
29/08/2023 03:24:29,24.0,23.0,203.0,199.0,17.0,20.0,-33.4569,-33.5,45.0000,48.0,227.0,50.0
29/08/2023 03:25:00,24.0,23.0,204.0,200.0,19.0,26.0,-33.4569,-33.5,50.0000,52.0,223.0,45.0
29/08/2023 03:25:31,24.0,23.0,204.0,206.0,20.0,25.0,-33.4569,-33.5,49.0000,51.0,194.0,48.0
29/08/2023 03:26:01,23.0,24.0,203.0,194.0,21.0,44.0,-33.4569,-33.5,51.0000,48.0,194.0,49.0
29/08/2023 03:26:32,23.0,23.0,203.0,203.0,21.0,33.0,-33.4569,-33.5,45.0000,49.0,234.0,43.0
29/08/2023 03:27:03,23.0,23.0,199.0,193.0,17.0,22.0,-33.4569,-33.5,50.0000,48.0,216.0,40.0
29/08/2023 03:27:33,24.0,24.0,199.0,195.0,19.0,30.0,-33.4569,-33.5,48.0000,54.0,224.0,42.0
29/08/2023 03:28:04,24.0,24.0,196.0,191.0,26.0,32.0,-33.4569,-33.5,47.0000,51.0,215.0,44.0
29/08/2023 03:28:35,23.0,24.0,198.0,199.0,27.0,35.0,-33.4569,-33.5,50.0000,50.0,215.0,45.0
29/08/2023 03:29:05,24.0,24.0,200.0,205.0,27.0,37.0,-33.4569,-33.5,48.0000,51.0,208.0,44.0
29/08/2023 03:29:36,24.0,23.0,199.0,198.0,25.0,42.0,-33.4569,-33.5,50.0000,48.0,191.0,40.0
29/08/2023 03:30:07,24.0,23.0,202.0,200.0,18.0,21.0,-33.4569,-33.5,48.0000,54.0,213.0,42.0
29/08/2023 03:30:37,23.0,23.0,201.0,192.0,25.0,40.0,-33.4569,-33.5,45.0000,48.0,204.0,41.0
29/08/2023 03:31:08,24.0,24.0,195.0,194.0,20.0,22.0,-33.4569,-33.5,46.0000,47.0,212.0,46.0
29/08/2023 03:31:39,24.0,23.0,204.0,199.0,24.0,21.0,-33.4569,-33.5,50.0000,51.0,197.0,43.0
29/08/2023 03:32:09,23.0,24.0,196.0,201.0,21.0,29.0,-33.4569,-33.5,50.0000,49.0,183.0,42.0
29/08/2023 03:32:40,24.0,24.0,199.0,197.0,20.0,41.0,-33.4569,-33.5,49.0000,48.0,224.0,46.0
29/08/2023 03:33:11,23.0,24.0,199.0,205.0,23.0,19.0,-33.4569,-33.5,49.0000,53.0,200.0,40.0
29/08/2023 03:33:41,23.0,23.0,195.0,195.0,24.0,44.0,-33.4569,-33.5,46.0000,50.0,204.0,41.0
29/08/2023 03:34:12,24.0,24.0,196.0,209.0,20.0,44.0,-33.4569,-33.5,50.0000,51.0,232.0,40.0
29/08/2023 03:34:43,23.0,23.0,203.0,190.0,19.0,35.0,-33.4569,-33.5,51.0000,52.0,227.0,44.0
29/08/2023 03:35:14,23.0,23.0,199.0,203.0,16.0,25.0,-33.4569,-33.5,47.0000,51.0,217.0,41.0
29/08/2023 03:35:44,23.0,24.0,204.0,205.0,20.0,36.0,-33.4569,-33.5,49.0000,52.0,193.0,49.0
29/08/2023 03:36:15,23.0,24.0,195.0,208.0,19.0,19.0,-33.4569,-33.5,50.0000,47.0,226.0,44.0
29/08/2023 03:36:46,23.0,24.0,195.0,190.0,26.0,40.0,-33.4569,-33.5,51.0000,53.0,200.0,40.0
29/08/2023 03:37:16,24.0,23.0,198.0,204.0,27.0,29.0,-33.4569,-33.5,45.0000,47.0,211.0,49.0
29/08/2023 03:37:47,24.0,23.0,197.0,193.0,22.0,26.0,-33.4569,-33.5,49.0000,51.0,184.0,50.0
29/08/2023 03:38:18,23.0,23.0,195.0,202.0,19.0,22.0,-33.4569,-33.5,46.0000,51.0,226.0,41.0
29/08/2023 03:38:48,24.0,23.0,202.0,209.0,17.0,19.0,-33.4569,-33.5,45.0000,49.0,228.0,48.0
29/08/2023 03:39:19,23.0,23.0,195.0,209.0,24.0,25.0,-33.4569,-33.5,50.0000,49.0,182.0,41.0
29/08/2023 03:39:50,23.0,24.0,196.0,204.0,25.0,41.0,-33.4569,-33.5,45.0000,54.0,197.0,41.0
29/08/2023 03:40:20,23.0,24.0,195.0,192.0,26.0,28.0,-33.4569,-33.5,45.0000,53.0,231.0,49.0
29/08/2023 03:40:51,24.0,23.0,195.0,195.0,18.0,21.0,-33.4569,-33.5,49.0000,51.0,234.0,44.0
29/08/2023 03:41:22,23.0,24.0,195.0,205.0,22.0,22.0,-33.4569,-33.5,47.0000,50.0,185.0,48.0
29/08/2023 03:41:52,24.0,23.0,198.0,201.0,27.0,21.0,-33.4569,-33.5,49.0000,53.0,230.0,40.0
29/08/2023 03:42:23,23.0,24.0,203.0,190.0,24.0,29.0,-33.4569,-33.5,47.0000,52.0,192.0,48.0
29/08/2023 03:42:54,23.0,24.0,203.0,196.0,19.0,30.0,-33.4569,-33.5,48.0000,49.0,228.0,42.0
29/08/2023 03:43:24,24.0,23.0,200.0,199.0,26.0,32.0,-33.4569,-33.5,46.0000,49.0,188.0,48.0
29/08/2023 03:43:55,24.0,23.0,203.0,204.0,15.0,33.0,-33.4569,-33.5,50.0000,54.0,208.0,45.0
29/08/2023 03:44:26,24.0,23.0,201.0,193.0,20.0,35.0,-33.4569,-33.5,48.0000,50.0,187.0,44.0
29/08/2023 03:44:56,23.0,23.0,203.0,199.0,18.0,43.0,-33.4569,-33.5,48.0000,50.0,226.0,41.0
29/08/2023 03:45:27,24.0,24.0,204.0,195.0,15.0,38.0,-33.4569,-33.5,47.0000,50.0,231.0,48.0
29/08/2023 03:45:58,23.0,23.0,196.0,207.0,21.0,44.0,-33.4569,-33.5,46.0000,54.0,190.0,42.0
29/08/2023 03:46:28,24.0,23.0,200.0,206.0,26.0,22.0,-33.4569,-33.5,48.0000,51.0,199.0,43.0
29/08/2023 03:46:59,23.0,23.0,197.0,195.0,20.0,33.0,-33.4569,-33.5,51.0000,48.0,188.0,47.0
29/08/2023 03:47:30,24.0,23.0,198.0,201.0,16.0,20.0,-33.4569,-33.5,48.0000,53.0,230.0,50.0
29/08/2023 03:48:00,24.0,23.0,198.0,191.0,23.0,21.0,-33.4569,-33.5,45.0000,47.0,185.0,42.0
29/08/2023 03:48:31,24.0,24.0,196.0,203.0,19.0,33.0,-33.4569,-33.5,48.0000,52.0,218.0,41.0
29/08/2023 03:49:02,24.0,23.0,195.0,197.0,15.0,33.0,-33.4569,-33.5,47.0000,47.0,223.0,45.0
29/08/2023 03:49:33,23.0,24.0,197.0,205.0,19.0,33.0,-33.4569,-33.5,51.0000,49.0,238.0,43.0
29/08/2023 03:50:04,23.0,24.0,203.0,196.0,23.0,35.0,-33.4569,-33.5,48.0000,49.0,191.0,45.0
29/08/2023 03:50:34,23.0,24.0,195.0,190.0,23.0,41.0,-33.4569,-33.5,51.0000,52.0,221.0,43.0
29/08/2023 03:51:05,24.0,23.0,196.0,203.0,25.0,27.0,-33.4569,-33.5,46.0000,53.0,204.0,44.0
29/08/2023 03:51:36,23.0,23.0,195.0,209.0,25.0,27.0,-33.4569,-33.5,49.0000,52.0,181.0,43.0
29/08/2023 03:52:06,24.0,24.0,196.0,202.0,24.0,21.0,-33.4569,-33.5,46.0000,51.0,219.0,40.0
29/08/2023 03:52:37,23.0,23.0,203.0,191.0,17.0,26.0,-33.4569,-33.5,48.0000,50.0,224.0,44.0
29/08/2023 03:53:08,23.0,23.0,196.0,199.0,23.0,25.0,-33.4569,-33.5,48.0000,53.0,207.0,46.0
29/08/2023 03:53:38,23.0,24.0,201.0,199.0,19.0,40.0,-33.4569,-33.5,48.0000,48.0,212.0,42.0
29/08/2023 03:54:09,24.0,23.0,203.0,202.0,25.0,39.0,-33.4569,-33.5,47.0000,48.0,213.0,46.0
29/08/2023 03:54:40,23.0,23.0,203.0,202.0,26.0,21.0,-33.4569,-33.5,46.0000,47.0,219.0,43.0
29/08/2023 03:55:10,24.0,24.0,202.0,191.0,21.0,34.0,-33.4569,-33.5,48.0000,49.0,209.0,48.0
29/08/2023 03:55:41,24.0,24.0,199.0,198.0,16.0,22.0,-33.4569,-33.5,45.0000,53.0,237.0,47.0
29/08/2023 03:56:12,24.0,23.0,200.0,199.0,17.0,25.0,-33.4569,-33.5,51.0000,49.0,213.0,42.0
29/08/2023 03:56:42,24.0,24.0,200.0,207.0,19.0,19.0,-33.4569,-33.5,49.0000,53.0,211.0,41.0
29/08/2023 03:57:13,23.0,24.0,196.0,206.0,20.0,24.0,-33.4569,-33.5,51.0000,49.0,198.0,45.0
29/08/2023 03:57:44,23.0,24.0,201.0,200.0,23.0,37.0,-33.4569,-33.5,45.0000,48.0,208.0,47.0
29/08/2023 03:58:14,24.0,24.0,201.0,204.0,21.0,21.0,-33.4569,-33.5,50.0000,47.0,224.0,47.0
29/08/2023 03:58:45,23.0,23.0,197.0,195.0,20.0,27.0,-33.4569,-33.5,51.0000,48.0,229.0,44.0
29/08/2023 03:59:16,24.0,24.0,197.0,207.0,19.0,35.0,-33.4569,-33.5,50.0000,50.0,210.0,49.0
29/08/2023 03:59:46,23.0,24.0,199.0,198.0,25.0,23.0,-33.4569,-33.5,49.0000,52.0,220.0,40.0
29/08/2023 04:00:17,23.0,23.0,199.0,205.0,25.0,27.0,-33.4569,-33.5,46.0000,51.0,219.0,48.0
29/08/2023 04:00:48,24.0,23.0,198.0,208.0,27.0,37.0,-33.4569,-33.5,50.0000,53.0,181.0,46.0
29/08/2023 04:01:18,24.0,23.0,196.0,203.0,20.0,26.0,-33.4569,-33.5,49.0000,48.0,192.0,41.0
29/08/2023 04:01:49,23.0,24.0,204.0,191.0,20.0,24.0,-33.4569,-33.5,47.0000,47.0,239.0,46.0
29/08/2023 04:02:20,23.0,23.0,202.0,209.0,21.0,30.0,-33.4569,-33.5,50.0000,53.0,214.0,48.0
29/08/2023 04:02:50,23.0,23.0,203.0,190.0,27.0,43.0,-33.4569,-33.5,50.0000,53.0,186.0,49.0
29/08/2023 04:03:21,23.0,23.0,198.0,198.0,22.0,34.0,-33.4569,-33.5,46.0000,52.0,191.0,45.0
29/08/2023 04:03:52,23.0,23.0,201.0,196.0,24.0,20.0,-33.4569,-33.5,49.0000,50.0,234.0,46.0
29/08/2023 04:04:22,24.0,24.0,201.0,197.0,22.0,29.0,-33.4569,-33.5,50.0000,54.0,226.0,45.0
29/08/2023 04:04:53,24.0,23.0,204.0,202.0,26.0,44.0,-33.4569,-33.5,46.0000,53.0,198.0,42.0
29/08/2023 04:05:24,23.0,24.0,202.0,199.0,26.0,33.0,-33.4569,-33.5,49.0000,51.0,216.0,41.0
29/08/2023 04:05:54,23.0,23.0,198.0,203.0,27.0,42.0,-33.4569,-33.5,51.0000,51.0,198.0,42.0
29/08/2023 04:06:25,23.0,24.0,203.0,202.0,15.0,41.0,-33.4569,-33.5,50.0000,50.0,194.0,40.0
29/08/2023 04:06:56,24.0,23.0,197.0,204.0,23.0,43.0,-33.4569,-33.5,48.0000,54.0,233.0,46.0
29/08/2023 04:07:27,24.0,24.0,204.0,209.0,19.0,32.0,-33.4569,-33.5,50.0000,50.0,181.0,43.0
29/08/2023 04:07:57,23.0,23.0,203.0,201.0,26.0,21.0,-33.4569,-33.5,47.0000,49.0,218.0,41.0
29/08/2023 04:08:28,24.0,24.0,201.0,199.0,22.0,35.0,-33.4569,-33.5,47.0000,47.0,191.0,44.0
29/08/2023 04:08:59,23.0,23.0,200.0,193.0,17.0,21.0,-33.4569,-33.5,50.0000,51.0,239.0,50.0
29/08/2023 04:09:29,23.0,24.0,199.0,207.0,22.0,27.0,-33.4569,-33.5,49.0000,48.0,239.0,46.0
29/08/2023 04:10:00,23.0,23.0,204.0,196.0,25.0,34.0,-33.4569,-33.5,46.0000,54.0,226.0,43.0
29/08/2023 04:10:31,24.0,23.0,198.0,204.0,21.0,34.0,-33.4569,-33.5,45.0000,50.0,199.0,49.0
29/08/2023 04:11:01,24.0,24.0,203.0,191.0,15.0,36.0,-33.4569,-33.5,48.0000,48.0,212.0,49.0
29/08/2023 04:11:32,23.0,23.0,197.0,193.0,26.0,22.0,-33.4569,-33.5,45.0000,53.0,211.0,45.0
29/08/2023 04:12:03,24.0,23.0,200.0,207.0,25.0,25.0,-33.4569,-33.5,51.0000,54.0,192.0,47.0
29/08/2023 04:12:33,23.0,24.0,199.0,197.0,26.0,31.0,-33.4569,-33.5,50.0000,49.0,196.0,40.0
29/08/2023 04:13:04,23.0,23.0,196.0,193.0,26.0,31.0,-33.4569,-33.5,48.0000,54.0,189.0,49.0
29/08/2023 04:13:35,24.0,23.0,196.0,202.0,27.0,24.0,-33.4569,-33.5,47.0000,53.0,217.0,44.0
29/08/2023 04:14:05,24.0,24.0,198.0,191.0,26.0,20.0,-33.4569,-33.5,51.0000,52.0,218.0,46.0
29/08/2023 04:14:36,24.0,23.0,197.0,190.0,24.0,35.0,-33.4569,-33.5,49.0000,49.0,228.0,43.0
29/08/2023 04:15:07,23.0,23.0,204.0,191.0,15.0,42.0,-33.4569,-33.5,50.0000,52.0,204.0,48.0
29/08/2023 04:15:37,24.0,23.0,196.0,197.0,16.0,31.0,-33.4569,-33.5,46.0000,54.0,194.0,46.0
29/08/2023 04:16:08,23.0,24.0,195.0,205.0,17.0,41.0,-33.4569,-33.5,50.0000,50.0,228.0,46.0
29/08/2023 04:16:39,23.0,23.0,203.0,201.0,22.0,38.0,-33.4569,-33.5,46.0000,53.0,212.0,46.0
29/08/2023 04:17:09,23.0,24.0,202.0,199.0,20.0,26.0,-33.4569,-33.5,45.0000,47.0,222.0,45.0
29/08/2023 04:17:40,23.0,23.0,203.0,190.0,16.0,28.0,-33.4569,-33.5,48.0000,52.0,190.0,49.0
29/08/2023 04:18:11,23.0,24.0,198.0,192.0,15.0,23.0,-33.4569,-33.5,51.0000,53.0,219.0,50.0
29/08/2023 04:18:41,23.0,24.0,196.0,207.0,20.0,26.0,-33.4569,-33.5,51.0000,49.0,230.0,45.0
29/08/2023 04:19:12,23.0,23.0,203.0,192.0,18.0,31.0,-33.4569,-33.5,49.0000,53.0,236.0,47.0
29/08/2023 04:19:43,23.0,24.0,204.0,202.0,24.0,41.0,-33.4569,-33.5,48.0000,49.0,187.0,45.0
29/08/2023 04:20:13,23.0,24.0,200.0,206.0,22.0,33.0,-33.4569,-33.5,45.0000,54.0,239.0,46.0
29/08/2023 04:20:44,24.0,23.0,199.0,191.0,21.0,24.0,-33.4569,-33.5,45.0000,54.0,181.0,41.0
29/08/2023 04:21:15,23.0,24.0,197.0,199.0,18.0,43.0,-33.4569,-33.5,51.0000,49.0,193.0,46.0
29/08/2023 04:21:45,24.0,23.0,199.0,196.0,17.0,23.0,-33.4569,-33.5,46.0000,51.0,184.0,44.0
29/08/2023 04:22:16,23.0,24.0,202.0,202.0,20.0,42.0,-33.4569,-33.5,46.0000,48.0,203.0,48.0
29/08/2023 04:22:47,24.0,24.0,200.0,198.0,19.0,35.0,-33.4569,-33.5,48.0000,54.0,214.0,44.0
29/08/2023 04:23:17,23.0,23.0,201.0,194.0,23.0,21.0,-33.4569,-33.5,49.0000,49.0,207.0,46.0
29/08/2023 04:23:48,23.0,23.0,199.0,203.0,26.0,24.0,-33.4569,-33.5,50.0000,53.0,202.0,40.0
29/08/2023 04:24:19,23.0,23.0,199.0,192.0,22.0,21.0,-33.4569,-33.5,50.0000,53.0,208.0,49.0
29/08/2023 04:24:49,24.0,23.0,196.0,192.0,17.0,37.0,-33.4569,-33.5,51.0000,53.0,207.0,44.0
29/08/2023 04:25:20,23.0,23.0,197.0,205.0,23.0,27.0,-33.4569,-33.5,45.0000,49.0,209.0,47.0
29/08/2023 04:25:51,23.0,23.0,197.0,191.0,26.0,31.0,-33.4569,-33.5,46.0000,49.0,186.0,41.0
29/08/2023 04:26:22,23.0,23.0,204.0,199.0,20.0,34.0,-33.4569,-33.5,48.0000,54.0,218.0,47.0
29/08/2023 04:26:52,24.0,23.0,201.0,205.0,27.0,34.0,-33.4569,-33.5,51.0000,50.0,226.0,49.0
29/08/2023 04:27:23,23.0,23.0,199.0,202.0,18.0,25.0,-33.4569,-33.5,48.0000,50.0,222.0,46.0
29/08/2023 04:27:54,23.0,23.0,203.0,200.0,25.0,40.0,-33.4569,-33.5,50.0000,51.0,206.0,43.0
29/08/2023 04:28:24,23.0,24.0,204.0,190.0,16.0,28.0,-33.4569,-33.5,45.0000,53.0,200.0,41.0
29/08/2023 04:28:55,23.0,24.0,204.0,192.0,25.0,31.0,-33.4569,-33.5,45.0000,51.0,228.0,46.0
29/08/2023 04:29:26,23.0,24.0,199.0,190.0,18.0,20.0,-33.4569,-33.5,46.0000,54.0,218.0,44.0
29/08/2023 04:29:56,24.0,23.0,200.0,205.0,19.0,39.0,-33.4569,-33.5,45.0000,50.0,239.0,46.0
29/08/2023 04:30:27,24.0,23.0,201.0,201.0,24.0,42.0,-33.4569,-33.5,47.0000,49.0,185.0,47.0
29/08/2023 04:30:58,23.0,23.0,202.0,193.0,17.0,41.0,-33.4569,-33.5,46.0000,47.0,211.0,48.0
29/08/2023 04:31:28,23.0,24.0,198.0,190.0,18.0,23.0,-33.4569,-33.5,45.0000,48.0,200.0,49.0
29/08/2023 04:31:59,24.0,23.0,196.0,206.0,21.0,40.0,-33.4569,-33.5,47.0000,48.0,183.0,44.0
29/08/2023 04:32:30,24.0,23.0,197.0,192.0,16.0,22.0,-33.4569,-33.5,46.0000,48.0,219.0,43.0
29/08/2023 04:33:00,24.0,24.0,195.0,196.0,23.0,34.0,-33.4569,-33.5,46.0000,51.0,234.0,43.0
29/08/2023 04:33:31,23.0,24.0,196.0,195.0,15.0,39.0,-33.4569,-33.5,48.0000,51.0,190.0,44.0
29/08/2023 04:34:02,23.0,23.0,196.0,209.0,24.0,27.0,-33.4569,-33.5,50.0000,49.0,184.0,42.0
29/08/2023 04:34:32,23.0,23.0,198.0,194.0,21.0,36.0,-33.4569,-33.5,51.0000,49.0,192.0,45.0
29/08/2023 04:35:03,24.0,24.0,201.0,191.0,26.0,25.0,-33.4569,-33.5,45.0000,51.0,193.0,47.0
29/08/2023 04:35:34,23.0,23.0,204.0,209.0,24.0,29.0,-33.4569,-33.5,46.0000,53.0,211.0,41.0
29/08/2023 04:36:04,23.0,24.0,202.0,208.0,15.0,43.0,-33.4569,-33.5,47.0000,50.0,186.0,46.0
29/08/2023 04:36:35,23.0,23.0,200.0,195.0,21.0,31.0,-33.4569,-33.5,46.0000,51.0,187.0,42.0
29/08/2023 04:37:06,24.0,24.0,196.0,203.0,21.0,35.0,-33.4569,-33.5,46.0000,51.0,224.0,44.0
29/08/2023 04:37:36,24.0,24.0,198.0,208.0,18.0,33.0,-33.4569,-33.5,45.0000,52.0,239.0,50.0
29/08/2023 04:38:07,23.0,23.0,204.0,191.0,25.0,34.0,-33.4569,-33.5,50.0000,51.0,235.0,42.0
29/08/2023 04:38:38,24.0,24.0,203.0,208.0,21.0,25.0,-33.4569,-33.5,46.0000,50.0,207.0,44.0
29/08/2023 04:39:08,23.0,24.0,203.0,195.0,19.0,32.0,-33.4569,-33.5,45.0000,53.0,199.0,47.0
29/08/2023 04:39:39,23.0,24.0,198.0,208.0,19.0,37.0,-33.4569,-33.5,45.0000,53.0,184.0,49.0
29/08/2023 04:40:10,23.0,24.0,201.0,201.0,20.0,24.0,-33.4569,-33.5,47.0000,50.0,206.0,48.0
29/08/2023 04:40:40,24.0,23.0,199.0,209.0,24.0,40.0,-33.4569,-33.5,50.0000,48.0,216.0,42.0
29/08/2023 04:41:11,24.0,24.0,201.0,205.0,27.0,27.0,-33.4569,-33.5,48.0000,49.0,227.0,49.0
29/08/2023 04:41:42,24.0,24.0,199.0,191.0,23.0,35.0,-33.4569,-33.5,45.0000,48.0,234.0,43.0
29/08/2023 04:42:13,23.0,23.0,202.0,200.0,16.0,40.0,-33.4569,-33.5,51.0000,54.0,207.0,50.0
29/08/2023 04:42:43,23.0,23.0,195.0,190.0,17.0,32.0,-33.4569,-33.5,46.0000,49.0,190.0,45.0
29/08/2023 04:43:14,23.0,23.0,202.0,203.0,21.0,42.0,-33.4569,-33.5,48.0000,50.0,192.0,50.0
29/08/2023 04:43:45,23.0,23.0,199.0,208.0,21.0,32.0,-33.4569,-33.5,50.0000,51.0,214.0,43.0
29/08/2023 04:44:15,24.0,23.0,199.0,197.0,15.0,34.0,-33.4569,-33.5,50.0000,52.0,214.0,41.0
29/08/2023 04:44:46,23.0,23.0,198.0,190.0,24.0,24.0,-33.4569,-33.5,45.0000,50.0,192.0,47.0
29/08/2023 04:45:17,23.0,23.0,201.0,209.0,15.0,37.0,-33.4569,-33.5,50.0000,52.0,202.0,44.0
29/08/2023 04:45:47,23.0,24.0,199.0,194.0,18.0,20.0,-33.4569,-33.5,51.0000,53.0,213.0,50.0
29/08/2023 04:46:18,24.0,23.0,197.0,194.0,26.0,39.0,-33.4569,-33.5,51.0000,47.0,180.0,49.0
29/08/2023 04:46:49,23.0,23.0,203.0,209.0,20.0,35.0,-33.4569,-33.5,46.0000,52.0,187.0,45.0
29/08/2023 04:47:19,24.0,23.0,196.0,208.0,19.0,27.0,-33.4569,-33.5,49.0000,52.0,230.0,43.0
29/08/2023 04:47:50,24.0,24.0,201.0,201.0,23.0,20.0,-33.4569,-33.5,48.0000,49.0,204.0,44.0
29/08/2023 04:48:21,24.0,23.0,199.0,191.0,19.0,37.0,-33.4569,-33.5,48.0000,49.0,204.0,45.0
29/08/2023 04:48:51,24.0,24.0,202.0,203.0,22.0,29.0,-33.4569,-33.5,47.0000,52.0,220.0,48.0
29/08/2023 04:49:22,24.0,23.0,201.0,201.0,20.0,29.0,-33.4569,-33.5,51.0000,47.0,185.0,43.0
29/08/2023 04:49:53,23.0,24.0,195.0,209.0,17.0,29.0,-33.4569,-33.5,48.0000,49.0,180.0,40.0
29/08/2023 04:50:23,24.0,23.0,199.0,203.0,17.0,42.0,-33.4569,-33.5,50.0000,51.0,220.0,40.0
29/08/2023 04:50:54,23.0,24.0,200.0,197.0,22.0,21.0,-33.4569,-33.5,51.0000,48.0,206.0,40.0
29/08/2023 04:51:25,23.0,23.0,204.0,202.0,19.0,20.0,-33.4569,-33.5,47.0000,52.0,229.0,43.0
29/08/2023 04:51:55,23.0,24.0,203.0,207.0,22.0,28.0,-33.4569,-33.5,47.0000,47.0,193.0,47.0
29/08/2023 04:52:26,23.0,24.0,203.0,198.0,23.0,25.0,-33.4569,-33.5,46.0000,50.0,233.0,50.0
29/08/2023 04:52:57,23.0,24.0,196.0,201.0,26.0,37.0,-33.4569,-33.5,49.0000,51.0,215.0,50.0
29/08/2023 04:53:28,23.0,23.0,199.0,198.0,24.0,30.0,-33.4569,-33.5,48.0000,52.0,203.0,44.0
29/08/2023 04:53:58,23.0,24.0,201.0,204.0,16.0,29.0,-33.4569,-33.5,45.0000,50.0,221.0,40.0
29/08/2023 04:54:29,23.0,23.0,195.0,203.0,23.0,34.0,-33.4569,-33.5,51.0000,52.0,186.0,40.0
29/08/2023 04:55:00,24.0,24.0,200.0,192.0,25.0,40.0,-33.4569,-33.5,49.0000,54.0,186.0,47.0
29/08/2023 04:55:30,23.0,24.0,200.0,191.0,19.0,21.0,-33.4569,-33.5,46.0000,51.0,219.0,45.0
29/08/2023 04:56:01,23.0,23.0,197.0,207.0,25.0,21.0,-33.4569,-33.5,47.0000,50.0,230.0,45.0
29/08/2023 04:56:32,24.0,24.0,204.0,194.0,26.0,36.0,-33.4569,-33.5,48.0000,50.0,235.0,47.0
29/08/2023 04:57:02,23.0,24.0,201.0,197.0,18.0,32.0,-33.4569,-33.5,47.0000,54.0,231.0,42.0
29/08/2023 04:57:33,23.0,24.0,198.0,193.0,18.0,39.0,-33.4569,-33.5,45.0000,51.0,235.0,43.0
29/08/2023 04:58:04,24.0,23.0,202.0,204.0,21.0,25.0,-33.4569,-33.5,45.0000,52.0,188.0,41.0
29/08/2023 04:58:34,23.0,24.0,198.0,208.0,19.0,42.0,-33.4569,-33.5,49.0000,49.0,184.0,45.0
29/08/2023 04:59:05,23.0,23.0,203.0,201.0,22.0,24.0,-33.4569,-33.5,48.0000,54.0,201.0,50.0
29/08/2023 04:59:36,24.0,23.0,195.0,193.0,25.0,36.0,-33.4569,-33.5,46.0000,48.0,209.0,43.0
29/08/2023 05:00:06,24.0,24.0,195.0,193.0,16.0,32.0,-33.4569,-33.5,46.0000,54.0,183.0,44.0
29/08/2023 05:00:37,23.0,24.0,197.0,204.0,15.0,35.0,-33.4569,-33.5,47.0000,47.0,192.0,50.0
29/08/2023 05:01:08,23.0,24.0,202.0,197.0,15.0,21.0,-33.4569,-33.5,47.0000,51.0,208.0,42.0
29/08/2023 05:01:38,23.0,24.0,203.0,202.0,15.0,23.0,-33.4569,-33.5,48.0000,49.0,229.0,40.0
29/08/2023 05:02:09,24.0,23.0,197.0,193.0,16.0,30.0,-33.4569,-33.5,49.0000,54.0,199.0,44.0
29/08/2023 05:02:40,24.0,23.0,203.0,208.0,16.0,30.0,-33.4569,-33.5,47.0000,52.0,211.0,49.0
29/08/2023 05:03:10,23.0,23.0,199.0,190.0,22.0,37.0,-33.4569,-33.5,45.0000,53.0,224.0,42.0
29/08/2023 05:03:41,24.0,24.0,195.0,195.0,20.0,44.0,-33.4569,-33.5,46.0000,48.0,220.0,45.0
29/08/2023 05:04:12,24.0,23.0,197.0,198.0,20.0,20.0,-33.4569,-33.5,49.0000,51.0,221.0,50.0
29/08/2023 05:04:43,24.0,24.0,198.0,191.0,20.0,28.0,-33.4569,-33.5,49.0000,47.0,188.0,49.0
29/08/2023 05:05:13,23.0,24.0,202.0,193.0,15.0,43.0,-33.4569,-33.5,48.0000,47.0,208.0,46.0
29/08/2023 05:05:44,23.0,23.0,195.0,195.0,19.0,29.0,-33.4569,-33.5,46.0000,50.0,230.0,45.0
29/08/2023 05:06:15,23.0,23.0,203.0,203.0,18.0,26.0,-33.4569,-33.5,50.0000,49.0,235.0,50.0
29/08/2023 05:06:45,24.0,24.0,201.0,198.0,24.0,44.0,-33.4569,-33.5,49.0000,52.0,192.0,42.0
29/08/2023 05:07:16,24.0,24.0,200.0,192.0,27.0,26.0,-33.4569,-33.5,51.0000,54.0,217.0,48.0
29/08/2023 05:07:47,24.0,23.0,195.0,192.0,23.0,31.0,-33.4569,-33.5,50.0000,50.0,186.0,49.0
29/08/2023 05:08:17,23.0,24.0,199.0,204.0,22.0,39.0,-33.4569,-33.5,50.0000,53.0,198.0,50.0
29/08/2023 05:08:48,24.0,24.0,196.0,204.0,27.0,33.0,-33.4569,-33.5,48.0000,50.0,201.0,48.0
29/08/2023 05:09:19,24.0,23.0,202.0,198.0,19.0,26.0,-33.4569,-33.5,49.0000,52.0,225.0,49.0
29/08/2023 05:09:49,23.0,23.0,204.0,201.0,23.0,38.0,-33.4569,-33.5,45.0000,47.0,224.0,44.0
29/08/2023 05:10:20,24.0,24.0,202.0,208.0,18.0,42.0,-33.4569,-33.5,49.0000,49.0,191.0,40.0
29/08/2023 05:10:51,23.0,24.0,199.0,198.0,21.0,34.0,-33.4569,-33.5,47.0000,49.0,230.0,43.0
29/08/2023 05:11:21,23.0,24.0,195.0,204.0,22.0,30.0,-33.4569,-33.5,48.0000,47.0,227.0,43.0
29/08/2023 05:11:52,24.0,23.0,195.0,197.0,17.0,40.0,-33.4569,-33.5,48.0000,47.0,206.0,46.0
29/08/2023 05:12:23,23.0,23.0,200.0,193.0,20.0,43.0,-33.4569,-33.5,47.0000,48.0,216.0,45.0
29/08/2023 05:12:53,23.0,23.0,198.0,192.0,27.0,22.0,-33.4569,-33.5,45.0000,54.0,224.0,50.0
29/08/2023 05:13:24,23.0,24.0,202.0,203.0,24.0,23.0,-33.4569,-33.5,47.0000,50.0,222.0,42.0
29/08/2023 05:13:55,23.0,24.0,196.0,199.0,21.0,20.0,-33.4569,-33.5,47.0000,50.0,193.0,42.0
29/08/2023 05:14:26,24.0,24.0,201.0,202.0,20.0,33.0,-33.4569,-33.5,48.0000,49.0,199.0,44.0
29/08/2023 05:14:56,23.0,24.0,196.0,195.0,22.0,24.0,-33.4569,-33.5,48.0000,51.0,186.0,42.0
29/08/2023 05:15:27,24.0,24.0,195.0,201.0,25.0,24.0,-33.4569,-33.5,48.0000,52.0,214.0,49.0
29/08/2023 05:15:58,24.0,23.0,204.0,190.0,19.0,28.0,-33.4569,-33.5,48.0000,49.0,191.0,49.0
29/08/2023 05:16:28,23.0,24.0,201.0,209.0,15.0,37.0,-33.4569,-33.5,49.0000,53.0,234.0,43.0
29/08/2023 05:16:59,23.0,24.0,197.0,201.0,26.0,21.0,-33.4569,-33.5,45.0000,50.0,213.0,48.0
29/08/2023 05:17:30,24.0,23.0,201.0,196.0,25.0,31.0,-33.4569,-33.5,48.0000,52.0,180.0,50.0
29/08/2023 05:18:00,23.0,23.0,196.0,202.0,20.0,32.0,-33.4569,-33.5,51.0000,53.0,229.0,45.0
29/08/2023 05:18:31,24.0,23.0,202.0,200.0,20.0,37.0,-33.4569,-33.5,49.0000,47.0,195.0,50.0
29/08/2023 05:19:02,23.0,23.0,198.0,197.0,24.0,31.0,-33.4569,-33.5,51.0000,48.0,202.0,48.0
29/08/2023 05:19:32,23.0,24.0,197.0,205.0,16.0,22.0,-33.4569,-33.5,47.0000,47.0,236.0,44.0
29/08/2023 05:20:03,24.0,23.0,204.0,200.0,15.0,36.0,-33.4569,-33.5,49.0000,48.0,183.0,41.0
29/08/2023 05:20:34,24.0,23.0,199.0,208.0,18.0,42.0,-33.4569,-33.5,48.0000,48.0,207.0,44.0
29/08/2023 05:21:04,24.0,23.0,196.0,199.0,25.0,29.0,-33.4569,-33.5,45.0000,49.0,185.0,42.0
29/08/2023 05:21:35,24.0,24.0,202.0,203.0,25.0,35.0,-33.4569,-33.5,48.0000,54.0,187.0,47.0
29/08/2023 05:22:06,23.0,23.0,198.0,191.0,26.0,34.0,-33.4569,-33.5,45.0000,51.0,234.0,44.0
29/08/2023 05:22:36,23.0,23.0,200.0,192.0,15.0,23.0,-33.4569,-33.5,49.0000,50.0,220.0,49.0
29/08/2023 05:23:07,24.0,23.0,203.0,206.0,27.0,34.0,-33.4569,-33.5,45.0000,47.0,225.0,45.0
29/08/2023 05:23:38,24.0,23.0,198.0,198.0,20.0,22.0,-33.4569,-33.5,50.0000,50.0,182.0,45.0
29/08/2023 05:24:08,23.0,23.0,202.0,190.0,26.0,20.0,-33.4569,-33.5,45.0000,51.0,223.0,40.0
29/08/2023 05:24:39,23.0,23.0,203.0,209.0,18.0,29.0,-33.4569,-33.5,48.0000,50.0,236.0,40.0
29/08/2023 05:25:10,24.0,24.0,198.0,192.0,21.0,38.0,-33.4569,-33.5,45.0000,52.0,186.0,49.0
29/08/2023 05:25:41,24.0,24.0,200.0,192.0,19.0,20.0,-33.4569,-33.5,46.0000,51.0,223.0,44.0
29/08/2023 05:26:11,23.0,23.0,196.0,198.0,19.0,19.0,-33.4569,-33.5,51.0000,50.0,209.0,45.0
29/08/2023 05:26:42,23.0,23.0,202.0,206.0,19.0,34.0,-33.4569,-33.5,45.0000,54.0,188.0,44.0
29/08/2023 05:27:13,24.0,24.0,195.0,205.0,20.0,43.0,-33.4569,-33.5,51.0000,54.0,216.0,45.0
29/08/2023 05:27:43,24.0,23.0,202.0,201.0,25.0,22.0,-33.4569,-33.5,45.0000,50.0,208.0,42.0
29/08/2023 05:28:14,24.0,23.0,204.0,196.0,18.0,39.0,-33.4569,-33.5,50.0000,47.0,231.0,42.0
29/08/2023 05:28:45,24.0,24.0,201.0,206.0,20.0,27.0,-33.4569,-33.5,48.0000,54.0,225.0,41.0
29/08/2023 05:29:15,24.0,23.0,203.0,203.0,26.0,19.0,-33.4569,-33.5,48.0000,52.0,213.0,47.0
29/08/2023 05:29:46,24.0,24.0,200.0,191.0,17.0,35.0,-33.4569,-33.5,49.0000,52.0,180.0,46.0
29/08/2023 05:30:17,23.0,23.0,201.0,200.0,25.0,42.0,-33.4569,-33.5,45.0000,53.0,181.0,47.0
29/08/2023 05:30:47,23.0,23.0,200.0,198.0,15.0,21.0,-33.4569,-33.5,48.0000,53.0,200.0,47.0
29/08/2023 05:31:18,23.0,23.0,200.0,202.0,20.0,38.0,-33.4569,-33.5,49.0000,51.0,223.0,44.0
29/08/2023 05:31:49,23.0,23.0,196.0,195.0,25.0,37.0,-33.4569,-33.5,45.0000,47.0,204.0,45.0
29/08/2023 05:32:19,23.0,24.0,196.0,191.0,19.0,24.0,-33.4569,-33.5,46.0000,48.0,204.0,45.0
29/08/2023 05:32:50,23.0,24.0,195.0,195.0,26.0,31.0,-33.4569,-33.5,47.0000,54.0,202.0,42.0
29/08/2023 05:33:21,24.0,23.0,200.0,195.0,23.0,22.0,-33.4569,-33.5,49.0000,50.0,233.0,41.0
29/08/2023 05:33:51,23.0,24.0,198.0,198.0,17.0,44.0,-33.4569,-33.5,46.0000,50.0,202.0,47.0
29/08/2023 05:34:22,24.0,23.0,203.0,194.0,21.0,28.0,-33.4569,-33.5,45.0000,49.0,208.0,47.0
29/08/2023 05:34:53,24.0,23.0,204.0,207.0,17.0,44.0,-33.4569,-33.5,51.0000,54.0,215.0,49.0
29/08/2023 05:35:24,24.0,23.0,204.0,204.0,17.0,35.0,-33.4569,-33.5,48.0000,53.0,183.0,43.0
29/08/2023 05:35:54,23.0,24.0,196.0,204.0,26.0,34.0,-33.4569,-33.5,49.0000,53.0,223.0,49.0
29/08/2023 05:36:25,24.0,24.0,198.0,202.0,21.0,33.0,-33.4569,-33.5,47.0000,49.0,221.0,46.0
29/08/2023 05:36:56,23.0,23.0,200.0,209.0,21.0,35.0,-33.4569,-33.5,48.0000,50.0,237.0,44.0
29/08/2023 05:37:26,23.0,24.0,196.0,204.0,23.0,31.0,-33.4569,-33.5,51.0000,51.0,194.0,48.0
29/08/2023 05:37:57,24.0,23.0,197.0,191.0,21.0,39.0,-33.4569,-33.5,45.0000,51.0,235.0,42.0
29/08/2023 05:38:28,24.0,24.0,196.0,202.0,17.0,36.0,-33.4569,-33.5,50.0000,51.0,197.0,48.0
29/08/2023 05:38:58,24.0,24.0,204.0,203.0,17.0,37.0,-33.4569,-33.5,46.0000,50.0,239.0,49.0
29/08/2023 05:39:29,24.0,24.0,200.0,197.0,24.0,28.0,-33.4569,-33.5,50.0000,54.0,215.0,41.0
29/08/2023 05:40:00,24.0,23.0,204.0,193.0,22.0,23.0,-33.4569,-33.5,46.0000,47.0,217.0,50.0
29/08/2023 05:40:30,24.0,24.0,201.0,203.0,15.0,23.0,-33.4569,-33.5,50.0000,48.0,204.0,46.0
29/08/2023 05:41:01,23.0,24.0,199.0,209.0,17.0,27.0,-33.4569,-33.5,49.0000,49.0,195.0,46.0
29/08/2023 05:41:32,24.0,23.0,202.0,209.0,24.0,29.0,-33.4569,-33.5,50.0000,53.0,182.0,46.0
29/08/2023 05:42:02,23.0,24.0,204.0,197.0,18.0,20.0,-33.4569,-33.5,45.0000,52.0,203.0,49.0
29/08/2023 05:42:33,23.0,23.0,202.0,204.0,21.0,21.0,-33.4569,-33.5,50.0000,49.0,197.0,49.0
29/08/2023 05:43:04,24.0,24.0,200.0,205.0,26.0,21.0,-33.4569,-33.5,50.0000,51.0,193.0,47.0
29/08/2023 05:43:34,24.0,24.0,198.0,195.0,22.0,20.0,-33.4569,-33.5,45.0000,51.0,209.0,48.0
29/08/2023 05:44:05,23.0,23.0,204.0,196.0,17.0,33.0,-33.4569,-33.5,46.0000,48.0,211.0,48.0
29/08/2023 05:44:36,23.0,23.0,195.0,198.0,15.0,35.0,-33.4569,-33.5,45.0000,53.0,201.0,47.0
29/08/2023 05:45:06,24.0,24.0,197.0,204.0,19.0,21.0,-33.4569,-33.5,48.0000,54.0,188.0,43.0
29/08/2023 05:45:37,23.0,24.0,195.0,200.0,25.0,23.0,-33.4569,-33.5,51.0000,50.0,209.0,50.0
29/08/2023 05:46:08,23.0,24.0,204.0,202.0,17.0,26.0,-33.4569,-33.5,47.0000,47.0,208.0,43.0
29/08/2023 05:46:39,23.0,24.0,196.0,194.0,15.0,29.0,-33.4569,-33.5,46.0000,47.0,196.0,44.0
29/08/2023 05:47:09,24.0,24.0,196.0,197.0,24.0,24.0,-33.4569,-33.5,47.0000,49.0,189.0,47.0
29/08/2023 05:47:40,24.0,23.0,202.0,205.0,26.0,33.0,-33.4569,-33.5,50.0000,51.0,227.0,46.0
29/08/2023 05:48:11,24.0,23.0,197.0,193.0,19.0,32.0,-33.4569,-33.5,50.0000,52.0,187.0,47.0
29/08/2023 05:48:41,23.0,23.0,196.0,195.0,18.0,24.0,-33.4569,-33.5,47.0000,51.0,192.0,47.0
29/08/2023 05:49:12,24.0,24.0,202.0,208.0,18.0,24.0,-33.4569,-33.5,45.0000,53.0,230.0,44.0
29/08/2023 05:49:43,24.0,24.0,197.0,206.0,21.0,44.0,-33.4569,-33.5,49.0000,51.0,198.0,43.0
29/08/2023 05:50:13,24.0,23.0,199.0,208.0,23.0,30.0,-33.4569,-33.5,51.0000,50.0,194.0,44.0
29/08/2023 05:50:44,24.0,24.0,198.0,206.0,26.0,27.0,-33.4569,-33.5,45.0000,49.0,235.0,42.0
29/08/2023 05:51:15,23.0,24.0,201.0,209.0,23.0,37.0,-33.4569,-33.5,45.0000,50.0,194.0,47.0
29/08/2023 05:51:45,23.0,24.0,201.0,195.0,16.0,19.0,-33.4569,-33.5,48.0000,54.0,217.0,45.0
29/08/2023 05:52:16,23.0,23.0,197.0,192.0,20.0,31.0,-33.4569,-33.5,47.0000,52.0,188.0,42.0
29/08/2023 05:52:47,24.0,24.0,202.0,209.0,17.0,40.0,-33.4569,-33.5,48.0000,48.0,209.0,50.0
29/08/2023 05:53:17,23.0,24.0,204.0,193.0,27.0,33.0,-33.4569,-33.5,46.0000,52.0,201.0,46.0
29/08/2023 05:53:48,24.0,23.0,204.0,193.0,24.0,41.0,-33.4569,-33.5,45.0000,49.0,237.0,50.0
29/08/2023 05:54:19,23.0,23.0,197.0,196.0,18.0,23.0,-33.4569,-33.5,47.0000,48.0,196.0,47.0
29/08/2023 05:54:49,23.0,23.0,204.0,196.0,26.0,36.0,-33.4569,-33.5,51.0000,52.0,229.0,49.0
29/08/2023 05:55:20,24.0,24.0,195.0,199.0,22.0,44.0,-33.4569,-33.5,47.0000,50.0,183.0,45.0
29/08/2023 05:55:51,23.0,23.0,199.0,209.0,25.0,25.0,-33.4569,-33.5,46.0000,53.0,201.0,44.0
29/08/2023 05:56:21,23.0,24.0,199.0,196.0,21.0,27.0,-33.4569,-33.5,47.0000,47.0,209.0,41.0
29/08/2023 05:56:52,23.0,24.0,195.0,202.0,24.0,32.0,-33.4569,-33.5,51.0000,47.0,222.0,42.0
29/08/2023 05:57:23,23.0,23.0,204.0,201.0,17.0,42.0,-33.4569,-33.5,51.0000,50.0,193.0,46.0
29/08/2023 05:57:54,24.0,23.0,203.0,191.0,24.0,33.0,-33.4569,-33.5,45.0000,53.0,186.0,42.0
29/08/2023 05:58:24,23.0,24.0,204.0,203.0,22.0,39.0,-33.4569,-33.5,49.0000,51.0,214.0,43.0
29/08/2023 05:58:55,24.0,24.0,202.0,201.0,24.0,30.0,-33.4569,-33.5,48.0000,50.0,192.0,40.0
29/08/2023 05:59:26,24.0,24.0,199.0,206.0,20.0,43.0,-33.4569,-33.5,47.0000,49.0,192.0,48.0
29/08/2023 05:59:56,24.0,23.0,196.0,209.0,20.0,23.0,-33.4569,-33.5,50.0000,49.0,191.0,40.0
29/08/2023 06:00:27,24.0,23.0,200.0,207.0,18.0,30.0,-33.4569,-33.5,46.0000,52.0,219.0,42.0
29/08/2023 06:00:58,24.0,24.0,199.0,206.0,25.0,22.0,-33.4569,-33.5,48.0000,48.0,224.0,46.0
29/08/2023 06:01:28,24.0,24.0,204.0,207.0,21.0,31.0,-33.4569,-33.5,46.0000,49.0,232.0,49.0
29/08/2023 06:01:59,24.0,23.0,198.0,204.0,22.0,42.0,-33.4569,-33.5,49.0000,48.0,182.0,49.0
29/08/2023 06:02:30,23.0,23.0,200.0,195.0,21.0,19.0,-33.4569,-33.5,47.0000,52.0,203.0,49.0
29/08/2023 06:03:00,24.0,24.0,195.0,192.0,16.0,42.0,-33.4569,-33.5,45.0000,51.0,212.0,43.0
29/08/2023 06:03:31,23.0,23.0,198.0,198.0,25.0,35.0,-33.4569,-33.5,50.0000,52.0,219.0,42.0
29/08/2023 06:04:02,24.0,23.0,196.0,193.0,26.0,32.0,-33.4569,-33.5,47.0000,47.0,189.0,48.0
29/08/2023 06:04:32,24.0,23.0,198.0,191.0,21.0,38.0,-33.4569,-33.5,48.0000,50.0,194.0,47.0
29/08/2023 06:05:03,23.0,23.0,199.0,204.0,27.0,39.0,-33.4569,-33.5,47.0000,54.0,209.0,44.0
29/08/2023 06:05:34,23.0,24.0,202.0,195.0,27.0,27.0,-33.4569,-33.5,50.0000,54.0,194.0,49.0
29/08/2023 06:06:04,23.0,24.0,196.0,197.0,23.0,26.0,-33.4569,-33.5,50.0000,52.0,189.0,44.0
29/08/2023 06:06:35,23.0,24.0,202.0,203.0,24.0,35.0,-33.4569,-33.5,46.0000,48.0,189.0,50.0
29/08/2023 06:07:06,23.0,23.0,196.0,206.0,26.0,40.0,-33.4569,-33.5,48.0000,47.0,238.0,41.0
29/08/2023 06:07:37,23.0,23.0,196.0,206.0,16.0,26.0,-33.4569,-33.5,51.0000,53.0,205.0,45.0
29/08/2023 06:08:07,23.0,23.0,202.0,205.0,18.0,33.0,-33.4569,-33.5,49.0000,54.0,187.0,49.0
29/08/2023 06:08:38,24.0,23.0,202.0,206.0,18.0,22.0,-33.4569,-33.5,51.0000,51.0,208.0,46.0
29/08/2023 06:09:09,23.0,23.0,199.0,196.0,16.0,22.0,-33.4569,-33.5,51.0000,53.0,226.0,49.0
29/08/2023 06:09:39,24.0,23.0,199.0,199.0,26.0,38.0,-33.4569,-33.5,48.0000,53.0,212.0,41.0
29/08/2023 06:10:10,24.0,23.0,199.0,199.0,26.0,42.0,-33.4569,-33.5,51.0000,53.0,224.0,44.0
29/08/2023 06:10:41,23.0,23.0,196.0,201.0,23.0,40.0,-33.4569,-33.5,49.0000,47.0,236.0,43.0
29/08/2023 06:11:11,23.0,23.0,204.0,190.0,25.0,35.0,-33.4569,-33.5,48.0000,47.0,197.0,42.0
29/08/2023 06:11:42,24.0,23.0,202.0,194.0,17.0,34.0,-33.4569,-33.5,50.0000,54.0,233.0,41.0
29/08/2023 06:12:13,24.0,23.0,197.0,204.0,18.0,35.0,-33.4569,-33.5,51.0000,52.0,193.0,45.0
29/08/2023 06:12:43,23.0,24.0,202.0,201.0,24.0,39.0,-33.4569,-33.5,47.0000,52.0,194.0,48.0
29/08/2023 06:13:14,24.0,23.0,203.0,197.0,16.0,32.0,-33.4569,-33.5,51.0000,47.0,191.0,42.0
29/08/2023 06:13:45,23.0,23.0,196.0,193.0,20.0,33.0,-33.4569,-33.5,51.0000,51.0,193.0,48.0
29/08/2023 06:14:15,24.0,24.0,195.0,208.0,20.0,19.0,-33.4569,-33.5,45.0000,54.0,197.0,42.0
29/08/2023 06:14:46,24.0,23.0,201.0,191.0,22.0,24.0,-33.4569,-33.5,50.0000,48.0,188.0,40.0
29/08/2023 06:15:17,24.0,23.0,195.0,198.0,27.0,42.0,-33.4569,-33.5,46.0000,51.0,220.0,49.0
29/08/2023 06:15:47,23.0,24.0,200.0,190.0,20.0,19.0,-33.4569,-33.5,45.0000,49.0,203.0,46.0
29/08/2023 06:16:18,24.0,24.0,195.0,196.0,16.0,25.0,-33.4569,-33.5,51.0000,51.0,215.0,50.0
29/08/2023 06:16:49,24.0,23.0,197.0,209.0,22.0,27.0,-33.4569,-33.5,48.0000,47.0,233.0,40.0
29/08/2023 06:17:19,24.0,23.0,197.0,192.0,25.0,23.0,-33.4569,-33.5,47.0000,50.0,187.0,43.0
29/08/2023 06:17:50,23.0,23.0,203.0,193.0,20.0,39.0,-33.4569,-33.5,45.0000,53.0,231.0,42.0
29/08/2023 06:18:21,24.0,24.0,197.0,208.0,16.0,36.0,-33.4569,-33.5,46.0000,54.0,211.0,40.0
29/08/2023 06:18:52,23.0,24.0,198.0,198.0,15.0,37.0,-33.4569,-33.5,47.0000,52.0,237.0,42.0
29/08/2023 06:19:22,24.0,24.0,199.0,192.0,25.0,24.0,-33.4569,-33.5,48.0000,49.0,227.0,40.0
29/08/2023 06:19:53,23.0,24.0,204.0,204.0,19.0,19.0,-33.4569,-33.5,50.0000,51.0,207.0,49.0
29/08/2023 06:20:24,24.0,23.0,201.0,200.0,18.0,37.0,-33.4569,-33.5,49.0000,52.0,204.0,40.0
29/08/2023 06:20:54,24.0,23.0,196.0,201.0,26.0,27.0,-33.4569,-33.5,46.0000,49.0,180.0,41.0
29/08/2023 06:21:25,24.0,23.0,195.0,200.0,16.0,23.0,-33.4569,-33.5,45.0000,52.0,188.0,50.0
29/08/2023 06:21:56,23.0,23.0,204.0,200.0,25.0,37.0,-33.4569,-33.5,46.0000,48.0,200.0,45.0
29/08/2023 06:22:26,23.0,23.0,199.0,196.0,20.0,25.0,-33.4569,-33.5,45.0000,49.0,192.0,48.0
29/08/2023 06:22:57,23.0,24.0,203.0,192.0,17.0,44.0,-33.4569,-33.5,45.0000,51.0,238.0,47.0
29/08/2023 06:23:28,23.0,23.0,203.0,193.0,22.0,23.0,-33.4569,-33.5,45.0000,53.0,189.0,44.0
29/08/2023 06:23:58,23.0,23.0,203.0,206.0,17.0,26.0,-33.4569,-33.5,47.0000,48.0,217.0,43.0
29/08/2023 06:24:29,23.0,24.0,195.0,201.0,21.0,34.0,-33.4569,-33.5,46.0000,52.0,238.0,43.0
29/08/2023 06:25:00,23.0,24.0,200.0,196.0,25.0,32.0,-33.4569,-33.5,47.0000,52.0,226.0,40.0
29/08/2023 06:25:30,24.0,23.0,200.0,209.0,24.0,25.0,-33.4569,-33.5,47.0000,53.0,185.0,42.0
29/08/2023 06:26:01,23.0,23.0,195.0,197.0,26.0,34.0,-33.4569,-33.5,45.0000,47.0,211.0,44.0
29/08/2023 06:26:32,24.0,23.0,200.0,202.0,18.0,29.0,-33.4569,-33.5,49.0000,48.0,183.0,41.0
29/08/2023 06:27:02,23.0,23.0,203.0,196.0,22.0,37.0,-33.4569,-33.5,45.0000,54.0,215.0,40.0
29/08/2023 06:27:33,24.0,23.0,195.0,209.0,21.0,20.0,-33.4569,-33.5,51.0000,50.0,206.0,47.0
29/08/2023 06:28:04,23.0,24.0,197.0,199.0,22.0,30.0,-33.4569,-33.5,51.0000,50.0,223.0,41.0
29/08/2023 06:28:35,23.0,23.0,199.0,194.0,16.0,31.0,-33.4569,-33.5,45.0000,54.0,193.0,40.0
29/08/2023 06:29:05,23.0,23.0,200.0,205.0,22.0,19.0,-33.4569,-33.5,48.0000,52.0,230.0,48.0
29/08/2023 06:29:36,23.0,24.0,201.0,193.0,27.0,41.0,-33.4569,-33.5,51.0000,47.0,199.0,43.0
29/08/2023 06:30:07,24.0,23.0,204.0,201.0,23.0,43.0,-33.4569,-33.5,46.0000,49.0,203.0,42.0
29/08/2023 06:30:37,24.0,24.0,201.0,206.0,27.0,27.0,-33.4569,-33.5,47.0000,50.0,234.0,50.0
29/08/2023 06:31:08,24.0,23.0,201.0,195.0,27.0,36.0,-33.4569,-33.5,47.0000,50.0,212.0,40.0
29/08/2023 06:31:39,23.0,23.0,197.0,190.0,27.0,30.0,-33.4569,-33.5,47.0000,47.0,232.0,46.0
29/08/2023 06:32:09,24.0,24.0,203.0,196.0,26.0,37.0,-33.4569,-33.5,49.0000,50.0,222.0,46.0
29/08/2023 06:32:40,24.0,24.0,202.0,196.0,19.0,21.0,-33.4569,-33.5,48.0000,54.0,193.0,50.0
29/08/2023 06:33:11,24.0,23.0,200.0,191.0,16.0,25.0,-33.4569,-33.5,46.0000,47.0,219.0,42.0
29/08/2023 06:33:41,24.0,24.0,196.0,200.0,22.0,41.0,-33.4569,-33.5,48.0000,50.0,214.0,42.0
29/08/2023 06:34:12,23.0,24.0,201.0,196.0,26.0,36.0,-33.4569,-33.5,49.0000,53.0,228.0,50.0
29/08/2023 06:34:43,24.0,24.0,202.0,191.0,22.0,31.0,-33.4569,-33.5,46.0000,48.0,207.0,45.0
29/08/2023 06:35:13,24.0,24.0,199.0,208.0,20.0,23.0,-33.4569,-33.5,49.0000,53.0,232.0,44.0
29/08/2023 06:35:44,24.0,24.0,195.0,205.0,18.0,28.0,-33.4569,-33.5,45.0000,47.0,234.0,43.0
29/08/2023 06:36:15,23.0,24.0,199.0,193.0,15.0,22.0,-33.4569,-33.5,49.0000,52.0,191.0,49.0
29/08/2023 06:36:45,24.0,24.0,199.0,194.0,15.0,22.0,-33.4569,-33.5,49.0000,51.0,194.0,41.0
29/08/2023 06:37:16,23.0,23.0,199.0,193.0,23.0,41.0,-33.4569,-33.5,51.0000,47.0,201.0,46.0
29/08/2023 06:37:47,23.0,23.0,203.0,194.0,23.0,19.0,-33.4569,-33.5,51.0000,47.0,198.0,42.0
29/08/2023 06:38:17,23.0,23.0,204.0,204.0,17.0,43.0,-33.4569,-33.5,46.0000,47.0,221.0,40.0
29/08/2023 06:38:48,23.0,23.0,200.0,198.0,22.0,20.0,-33.4569,-33.5,47.0000,49.0,192.0,46.0
29/08/2023 06:39:19,24.0,23.0,203.0,208.0,21.0,24.0,-33.4569,-33.5,47.0000,53.0,212.0,50.0
29/08/2023 06:39:50,23.0,23.0,200.0,202.0,19.0,25.0,-33.4569,-33.5,50.0000,52.0,206.0,42.0
29/08/2023 06:40:20,23.0,23.0,199.0,203.0,15.0,30.0,-33.4569,-33.5,50.0000,53.0,211.0,42.0
29/08/2023 06:40:51,24.0,24.0,197.0,192.0,16.0,35.0,-33.4569,-33.5,46.0000,52.0,225.0,44.0
29/08/2023 06:41:22,23.0,24.0,196.0,194.0,17.0,33.0,-33.4569,-33.5,45.0000,54.0,229.0,43.0
29/08/2023 06:41:52,24.0,24.0,200.0,205.0,15.0,37.0,-33.4569,-33.5,48.0000,52.0,185.0,50.0
29/08/2023 06:42:23,23.0,24.0,199.0,203.0,26.0,37.0,-33.4569,-33.5,47.0000,52.0,186.0,45.0
29/08/2023 06:42:54,24.0,24.0,203.0,208.0,16.0,36.0,-33.4569,-33.5,49.0000,52.0,230.0,40.0
29/08/2023 06:43:24,23.0,23.0,198.0,201.0,17.0,39.0,-33.4569,-33.5,50.0000,49.0,198.0,44.0
29/08/2023 06:43:55,23.0,23.0,200.0,207.0,15.0,24.0,-33.4569,-33.5,45.0000,52.0,181.0,49.0
29/08/2023 06:44:26,24.0,24.0,204.0,202.0,22.0,34.0,-33.4569,-33.5,50.0000,52.0,226.0,40.0
29/08/2023 06:44:56,24.0,23.0,204.0,208.0,20.0,37.0,-33.4569,-33.5,45.0000,53.0,197.0,50.0
29/08/2023 06:45:27,23.0,24.0,197.0,190.0,25.0,31.0,-33.4569,-33.5,49.0000,47.0,189.0,46.0
29/08/2023 06:45:58,23.0,23.0,196.0,202.0,20.0,24.0,-33.4569,-33.5,49.0000,47.0,210.0,50.0
29/08/2023 06:46:28,24.0,24.0,201.0,200.0,24.0,28.0,-33.4569,-33.5,47.0000,51.0,231.0,47.0
29/08/2023 06:46:59,23.0,24.0,203.0,190.0,16.0,34.0,-33.4569,-33.5,51.0000,48.0,219.0,42.0
29/08/2023 06:47:30,23.0,23.0,204.0,201.0,21.0,40.0,-33.4569,-33.5,46.0000,51.0,192.0,47.0
29/08/2023 06:48:00,24.0,23.0,198.0,209.0,17.0,36.0,-33.4569,-33.5,50.0000,48.0,213.0,40.0
29/08/2023 06:48:31,24.0,24.0,199.0,192.0,20.0,44.0,-33.4569,-33.5,47.0000,51.0,201.0,42.0
29/08/2023 06:49:02,24.0,24.0,195.0,196.0,19.0,36.0,-33.4569,-33.5,45.0000,52.0,192.0,47.0
29/08/2023 06:49:33,24.0,24.0,200.0,196.0,17.0,32.0,-33.4569,-33.5,48.0000,53.0,200.0,45.0
29/08/2023 06:50:03,23.0,23.0,203.0,209.0,19.0,42.0,-33.4569,-33.5,50.0000,53.0,186.0,46.0
29/08/2023 06:50:34,24.0,23.0,197.0,200.0,22.0,43.0,-33.4569,-33.5,47.0000,48.0,211.0,50.0
29/08/2023 06:51:05,23.0,23.0,196.0,201.0,22.0,42.0,-33.4569,-33.5,50.0000,52.0,183.0,47.0
29/08/2023 06:51:35,24.0,24.0,198.0,192.0,22.0,30.0,-33.4569,-33.5,50.0000,54.0,186.0,44.0
29/08/2023 06:52:06,24.0,23.0,195.0,203.0,20.0,30.0,-33.4569,-33.5,49.0000,47.0,213.0,45.0
29/08/2023 06:52:37,23.0,24.0,198.0,195.0,23.0,24.0,-33.4569,-33.5,49.0000,49.0,229.0,44.0
29/08/2023 06:53:07,24.0,23.0,201.0,206.0,21.0,19.0,-33.4569,-33.5,48.0000,50.0,235.0,44.0
29/08/2023 06:53:38,23.0,23.0,195.0,192.0,15.0,39.0,-33.4569,-33.5,48.0000,50.0,215.0,50.0
29/08/2023 06:54:09,23.0,23.0,198.0,202.0,27.0,38.0,-33.4569,-33.5,50.0000,49.0,226.0,44.0
29/08/2023 06:54:39,24.0,24.0,195.0,192.0,15.0,41.0,-33.4569,-33.5,51.0000,50.0,236.0,42.0
29/08/2023 06:55:10,24.0,23.0,200.0,207.0,19.0,27.0,-33.4569,-33.5,45.0000,53.0,189.0,42.0
29/08/2023 06:55:41,24.0,23.0,197.0,195.0,22.0,19.0,-33.4569,-33.5,47.0000,53.0,215.0,43.0
29/08/2023 06:56:11,24.0,24.0,201.0,197.0,18.0,34.0,-33.4569,-33.5,45.0000,48.0,211.0,40.0
29/08/2023 06:56:42,24.0,23.0,204.0,198.0,24.0,27.0,-33.4569,-33.5,49.0000,50.0,218.0,43.0
29/08/2023 06:57:13,23.0,23.0,202.0,202.0,19.0,21.0,-33.4569,-33.5,48.0000,50.0,217.0,43.0
29/08/2023 06:57:43,24.0,24.0,196.0,190.0,25.0,24.0,-33.4569,-33.5,49.0000,50.0,180.0,47.0
29/08/2023 06:58:14,24.0,24.0,203.0,206.0,16.0,38.0,-33.4569,-33.5,46.0000,52.0,182.0,44.0
29/08/2023 06:58:45,24.0,23.0,197.0,193.0,18.0,30.0,-33.4569,-33.5,48.0000,51.0,202.0,50.0
29/08/2023 06:59:15,23.0,23.0,198.0,194.0,24.0,30.0,-33.4569,-33.5,50.0000,47.0,234.0,40.0
29/08/2023 06:59:46,23.0,24.0,203.0,194.0,22.0,23.0,-33.4569,-33.5,47.0000,49.0,222.0,40.0
29/08/2023 07:00:17,23.0,24.0,198.0,206.0,20.0,32.0,-33.4569,-33.5,51.0000,54.0,223.0,45.0
29/08/2023 07:00:48,24.0,24.0,203.0,193.0,26.0,23.0,-33.4569,-33.5,51.0000,50.0,200.0,42.0
29/08/2023 07:01:18,23.0,24.0,202.0,206.0,19.0,39.0,-33.4569,-33.5,45.0000,54.0,188.0,43.0
29/08/2023 07:01:49,24.0,24.0,197.0,205.0,20.0,34.0,-33.4569,-33.5,46.0000,53.0,185.0,48.0
29/08/2023 07:02:20,24.0,24.0,196.0,191.0,27.0,23.0,-33.4569,-33.5,51.0000,51.0,237.0,49.0
29/08/2023 07:02:50,23.0,23.0,201.0,197.0,20.0,32.0,-33.4569,-33.5,49.0000,53.0,211.0,47.0
29/08/2023 07:03:21,24.0,23.0,201.0,202.0,16.0,28.0,-33.4569,-33.5,46.0000,52.0,197.0,42.0
29/08/2023 07:03:52,23.0,23.0,202.0,192.0,17.0,32.0,-33.4569,-33.5,45.0000,48.0,237.0,40.0
29/08/2023 07:04:22,24.0,23.0,204.0,192.0,15.0,31.0,-33.4569,-33.5,49.0000,49.0,222.0,50.0
29/08/2023 07:04:53,23.0,24.0,201.0,196.0,19.0,27.0,-33.4569,-33.5,49.0000,50.0,231.0,42.0
29/08/2023 07:05:24,23.0,24.0,203.0,190.0,27.0,37.0,-33.4569,-33.5,49.0000,54.0,222.0,40.0
29/08/2023 07:05:54,23.0,24.0,196.0,196.0,17.0,34.0,-33.4569,-33.5,48.0000,50.0,231.0,40.0
29/08/2023 07:06:25,23.0,24.0,199.0,193.0,25.0,36.0,-33.4569,-33.5,45.0000,48.0,183.0,43.0
29/08/2023 07:06:56,23.0,24.0,201.0,208.0,25.0,22.0,-33.4569,-33.5,51.0000,52.0,189.0,42.0
29/08/2023 07:07:26,23.0,23.0,196.0,208.0,26.0,31.0,-33.4569,-33.5,49.0000,48.0,230.0,42.0
29/08/2023 07:07:57,24.0,23.0,202.0,195.0,23.0,42.0,-33.4569,-33.5,45.0000,51.0,238.0,41.0
29/08/2023 07:08:28,23.0,24.0,196.0,190.0,24.0,38.0,-33.4569,-33.5,47.0000,50.0,234.0,47.0
29/08/2023 07:08:58,23.0,24.0,200.0,197.0,19.0,39.0,-33.4569,-33.5,49.0000,48.0,237.0,43.0
29/08/2023 07:09:29,23.0,23.0,197.0,206.0,21.0,24.0,-33.4569,-33.5,50.0000,48.0,211.0,42.0
29/08/2023 07:10:00,24.0,24.0,199.0,208.0,23.0,38.0,-33.4569,-33.5,49.0000,53.0,209.0,48.0
29/08/2023 07:10:31,23.0,23.0,201.0,198.0,27.0,27.0,-33.4569,-33.5,46.0000,48.0,185.0,44.0
29/08/2023 07:11:01,23.0,23.0,195.0,200.0,16.0,21.0,-33.4569,-33.5,45.0000,52.0,202.0,46.0
29/08/2023 07:11:32,24.0,23.0,198.0,199.0,27.0,30.0,-33.4569,-33.5,47.0000,51.0,187.0,40.0
29/08/2023 07:12:03,24.0,24.0,201.0,206.0,22.0,31.0,-33.4569,-33.5,48.0000,51.0,188.0,42.0
29/08/2023 07:12:33,23.0,24.0,199.0,190.0,15.0,30.0,-33.4569,-33.5,49.0000,50.0,199.0,46.0
29/08/2023 07:13:04,24.0,23.0,202.0,193.0,18.0,31.0,-33.4569,-33.5,49.0000,53.0,207.0,50.0
29/08/2023 07:13:35,23.0,24.0,199.0,198.0,24.0,39.0,-33.4569,-33.5,49.0000,47.0,181.0,49.0
29/08/2023 07:14:05,24.0,24.0,204.0,190.0,18.0,33.0,-33.4569,-33.5,49.0000,53.0,196.0,41.0
29/08/2023 07:14:36,24.0,23.0,200.0,203.0,25.0,37.0,-33.4569,-33.5,47.0000,51.0,205.0,40.0
29/08/2023 07:15:07,24.0,23.0,203.0,192.0,25.0,44.0,-33.4569,-33.5,51.0000,50.0,230.0,50.0
29/08/2023 07:15:37,23.0,23.0,204.0,209.0,26.0,39.0,-33.4569,-33.5,46.0000,48.0,219.0,44.0
29/08/2023 07:16:08,24.0,24.0,199.0,198.0,25.0,22.0,-33.4569,-33.5,46.0000,54.0,198.0,50.0
29/08/2023 07:16:39,23.0,24.0,195.0,199.0,18.0,29.0,-33.4569,-33.5,50.0000,52.0,181.0,49.0
29/08/2023 07:17:09,23.0,24.0,199.0,206.0,23.0,37.0,-33.4569,-33.5,51.0000,51.0,186.0,49.0
29/08/2023 07:17:40,23.0,24.0,202.0,199.0,17.0,27.0,-33.4569,-33.5,46.0000,53.0,218.0,41.0
29/08/2023 07:18:11,24.0,24.0,203.0,190.0,15.0,31.0,-33.4569,-33.5,50.0000,50.0,215.0,44.0
29/08/2023 07:18:41,23.0,24.0,199.0,192.0,18.0,35.0,-33.4569,-33.5,48.0000,52.0,192.0,45.0
29/08/2023 07:19:12,24.0,23.0,197.0,191.0,27.0,40.0,-33.4569,-33.5,50.0000,47.0,205.0,49.0
29/08/2023 07:19:43,24.0,24.0,198.0,204.0,22.0,19.0,-33.4569,-33.5,46.0000,50.0,211.0,48.0
29/08/2023 07:20:13,23.0,23.0,204.0,197.0,24.0,30.0,-33.4569,-33.5,49.0000,53.0,236.0,45.0
29/08/2023 07:20:44,24.0,23.0,202.0,201.0,25.0,25.0,-33.4569,-33.5,50.0000,53.0,239.0,46.0
29/08/2023 07:21:15,23.0,23.0,203.0,201.0,22.0,44.0,-33.4569,-33.5,46.0000,50.0,210.0,41.0
29/08/2023 07:21:46,24.0,23.0,201.0,199.0,23.0,26.0,-33.4569,-33.5,48.0000,53.0,199.0,43.0
29/08/2023 07:22:16,23.0,24.0,203.0,191.0,20.0,39.0,-33.4569,-33.5,47.0000,51.0,216.0,48.0
29/08/2023 07:22:47,24.0,23.0,199.0,198.0,15.0,36.0,-33.4569,-33.5,51.0000,52.0,192.0,47.0
29/08/2023 07:23:18,23.0,23.0,204.0,191.0,17.0,31.0,-33.4569,-33.5,49.0000,47.0,214.0,47.0
29/08/2023 07:23:48,24.0,24.0,197.0,197.0,18.0,28.0,-33.4569,-33.5,45.0000,54.0,201.0,44.0
29/08/2023 07:24:19,24.0,24.0,202.0,191.0,26.0,19.0,-33.4569,-33.5,48.0000,47.0,212.0,43.0
29/08/2023 07:24:50,24.0,24.0,195.0,205.0,22.0,30.0,-33.4569,-33.5,49.0000,52.0,213.0,50.0
29/08/2023 07:25:20,23.0,24.0,203.0,200.0,25.0,19.0,-33.4569,-33.5,45.0000,54.0,227.0,40.0
29/08/2023 07:25:51,23.0,23.0,196.0,197.0,22.0,39.0,-33.4569,-33.5,49.0000,50.0,201.0,45.0
29/08/2023 07:26:22,23.0,24.0,195.0,194.0,25.0,22.0,-33.4569,-33.5,45.0000,51.0,213.0,41.0
29/08/2023 07:26:52,23.0,23.0,203.0,206.0,20.0,39.0,-33.4569,-33.5,47.0000,50.0,238.0,46.0
29/08/2023 07:27:23,23.0,24.0,198.0,194.0,24.0,26.0,-33.4569,-33.5,46.0000,49.0,207.0,41.0
29/08/2023 07:27:54,23.0,24.0,203.0,195.0,17.0,22.0,-33.4569,-33.5,49.0000,50.0,218.0,47.0
29/08/2023 07:28:24,24.0,24.0,198.0,207.0,26.0,24.0,-33.4569,-33.5,51.0000,47.0,218.0,43.0
29/08/2023 07:28:55,24.0,23.0,197.0,200.0,15.0,30.0,-33.4569,-33.5,45.0000,47.0,195.0,43.0
29/08/2023 07:29:26,24.0,24.0,196.0,206.0,20.0,42.0,-33.4569,-33.5,46.0000,48.0,208.0,50.0
29/08/2023 07:29:56,24.0,24.0,200.0,203.0,27.0,19.0,-33.4569,-33.5,46.0000,50.0,188.0,49.0
29/08/2023 07:30:27,24.0,23.0,199.0,206.0,16.0,33.0,-33.4569,-33.5,51.0000,48.0,185.0,48.0
29/08/2023 07:30:58,24.0,24.0,198.0,207.0,16.0,19.0,-33.4569,-33.5,46.0000,48.0,239.0,46.0
29/08/2023 07:31:29,23.0,24.0,203.0,194.0,17.0,41.0,-33.4569,-33.5,46.0000,47.0,184.0,47.0
29/08/2023 07:31:59,23.0,23.0,201.0,204.0,19.0,43.0,-33.4569,-33.5,51.0000,49.0,233.0,40.0
29/08/2023 07:32:30,23.0,23.0,197.0,192.0,22.0,43.0,-33.4569,-33.5,45.0000,53.0,234.0,42.0
29/08/2023 07:33:01,24.0,23.0,198.0,192.0,26.0,39.0,-33.4569,-33.5,50.0000,48.0,209.0,45.0
29/08/2023 07:33:31,23.0,23.0,202.0,207.0,20.0,38.0,-33.4569,-33.5,49.0000,52.0,233.0,49.0
29/08/2023 07:34:02,24.0,23.0,196.0,195.0,27.0,40.0,-33.4569,-33.5,47.0000,54.0,203.0,48.0
29/08/2023 07:34:33,23.0,23.0,201.0,199.0,17.0,36.0,-33.4569,-33.5,47.0000,48.0,237.0,48.0
29/08/2023 07:35:03,23.0,23.0,196.0,202.0,26.0,30.0,-33.4569,-33.5,49.0000,47.0,215.0,49.0
29/08/2023 07:35:34,24.0,23.0,200.0,199.0,19.0,30.0,-33.4569,-33.5,48.0000,53.0,206.0,42.0
29/08/2023 07:36:05,23.0,23.0,197.0,201.0,26.0,33.0,-33.4569,-33.5,51.0000,49.0,231.0,44.0
29/08/2023 07:36:35,23.0,23.0,197.0,190.0,15.0,33.0,-33.4569,-33.5,49.0000,52.0,196.0,43.0
29/08/2023 07:37:06,24.0,24.0,199.0,198.0,21.0,34.0,-33.4569,-33.5,48.0000,49.0,200.0,41.0
29/08/2023 07:37:37,24.0,24.0,204.0,193.0,21.0,42.0,-33.4569,-33.5,50.0000,52.0,229.0,40.0
29/08/2023 07:38:07,23.0,23.0,201.0,190.0,23.0,37.0,-33.4569,-33.5,49.0000,51.0,224.0,49.0
29/08/2023 07:38:38,23.0,24.0,198.0,207.0,20.0,25.0,-33.4569,-33.5,49.0000,54.0,202.0,41.0
29/08/2023 07:39:09,24.0,24.0,198.0,198.0,22.0,25.0,-33.4569,-33.5,49.0000,50.0,214.0,44.0
29/08/2023 07:39:39,24.0,23.0,195.0,190.0,20.0,38.0,-33.4569,-33.5,45.0000,54.0,207.0,50.0
29/08/2023 07:40:10,23.0,23.0,195.0,194.0,17.0,22.0,-33.4569,-33.5,46.0000,51.0,226.0,42.0
29/08/2023 07:40:41,24.0,24.0,196.0,190.0,18.0,20.0,-33.4569,-33.5,51.0000,51.0,198.0,43.0
29/08/2023 07:41:11,24.0,24.0,196.0,202.0,17.0,33.0,-33.4569,-33.5,51.0000,50.0,234.0,50.0
29/08/2023 07:41:42,23.0,23.0,199.0,205.0,19.0,35.0,-33.4569,-33.5,51.0000,49.0,192.0,49.0
29/08/2023 07:42:13,24.0,23.0,197.0,205.0,26.0,19.0,-33.4569,-33.5,48.0000,48.0,183.0,40.0
29/08/2023 07:42:44,24.0,23.0,200.0,195.0,22.0,44.0,-33.4569,-33.5,45.0000,52.0,195.0,40.0
29/08/2023 07:43:14,23.0,24.0,198.0,205.0,17.0,23.0,-33.4569,-33.5,46.0000,52.0,180.0,43.0
29/08/2023 07:43:45,23.0,23.0,197.0,190.0,15.0,27.0,-33.4569,-33.5,49.0000,54.0,237.0,45.0
29/08/2023 07:44:16,23.0,23.0,198.0,208.0,27.0,41.0,-33.4569,-33.5,48.0000,52.0,199.0,48.0
29/08/2023 07:44:46,23.0,24.0,200.0,191.0,23.0,30.0,-33.4569,-33.5,46.0000,48.0,231.0,45.0
29/08/2023 07:45:17,23.0,24.0,199.0,202.0,22.0,41.0,-33.4569,-33.5,51.0000,50.0,218.0,42.0
29/08/2023 07:45:48,23.0,23.0,202.0,190.0,25.0,38.0,-33.4569,-33.5,48.0000,49.0,184.0,49.0
29/08/2023 07:46:18,24.0,23.0,200.0,195.0,21.0,41.0,-33.4569,-33.5,50.0000,52.0,222.0,41.0
29/08/2023 07:46:49,23.0,23.0,204.0,200.0,25.0,20.0,-33.4569,-33.5,51.0000,47.0,183.0,50.0
29/08/2023 07:47:20,24.0,23.0,199.0,191.0,16.0,24.0,-33.4569,-33.5,49.0000,48.0,204.0,48.0
29/08/2023 07:47:50,24.0,24.0,204.0,199.0,17.0,41.0,-33.4569,-33.5,46.0000,47.0,226.0,48.0
29/08/2023 07:48:21,24.0,24.0,195.0,195.0,26.0,44.0,-33.4569,-33.5,50.0000,54.0,221.0,49.0
29/08/2023 07:48:52,24.0,24.0,200.0,193.0,27.0,39.0,-33.4569,-33.5,51.0000,47.0,220.0,50.0
29/08/2023 07:49:22,23.0,24.0,197.0,194.0,25.0,26.0,-33.4569,-33.5,51.0000,49.0,221.0,45.0
29/08/2023 07:49:53,23.0,24.0,196.0,199.0,24.0,33.0,-33.4569,-33.5,48.0000,52.0,212.0,49.0
29/08/2023 07:50:24,23.0,24.0,200.0,209.0,21.0,42.0,-33.4569,-33.5,48.0000,51.0,196.0,43.0
29/08/2023 07:50:54,23.0,24.0,198.0,203.0,26.0,39.0,-33.4569,-33.5,48.0000,47.0,184.0,48.0
29/08/2023 07:51:25,23.0,24.0,201.0,195.0,17.0,40.0,-33.4569,-33.5,45.0000,51.0,205.0,40.0
29/08/2023 07:51:56,23.0,24.0,196.0,199.0,22.0,43.0,-33.4569,-33.5,49.0000,51.0,199.0,49.0
29/08/2023 07:52:27,23.0,24.0,200.0,200.0,15.0,23.0,-33.4569,-33.5,45.0000,51.0,218.0,42.0
29/08/2023 07:52:57,23.0,24.0,196.0,203.0,21.0,39.0,-33.4569,-33.5,50.0000,51.0,236.0,42.0
29/08/2023 07:53:28,23.0,23.0,203.0,201.0,24.0,39.0,-33.4569,-33.5,51.0000,53.0,227.0,50.0
29/08/2023 07:53:59,23.0,24.0,202.0,196.0,22.0,36.0,-33.4569,-33.5,46.0000,52.0,235.0,50.0
29/08/2023 07:54:29,24.0,24.0,203.0,197.0,25.0,44.0,-33.4569,-33.5,45.0000,48.0,232.0,40.0
29/08/2023 07:55:00,24.0,23.0,196.0,207.0,21.0,36.0,-33.4569,-33.5,45.0000,47.0,232.0,46.0
29/08/2023 07:55:31,24.0,23.0,195.0,200.0,24.0,38.0,-33.4569,-33.5,48.0000,48.0,189.0,41.0
29/08/2023 07:56:01,24.0,24.0,196.0,209.0,20.0,32.0,-33.4569,-33.5,46.0000,50.0,187.0,42.0
29/08/2023 07:56:32,23.0,23.0,198.0,209.0,26.0,24.0,-33.4569,-33.5,49.0000,54.0,202.0,48.0
29/08/2023 07:57:03,23.0,24.0,200.0,209.0,25.0,20.0,-33.4569,-33.5,47.0000,51.0,216.0,41.0
29/08/2023 07:57:33,23.0,23.0,195.0,195.0,24.0,28.0,-33.4569,-33.5,46.0000,48.0,185.0,44.0
29/08/2023 07:58:04,24.0,24.0,204.0,200.0,16.0,37.0,-33.4569,-33.5,47.0000,54.0,189.0,50.0
29/08/2023 07:58:35,24.0,23.0,196.0,203.0,20.0,26.0,-33.4569,-33.5,51.0000,52.0,231.0,46.0
29/08/2023 07:59:05,24.0,24.0,201.0,195.0,15.0,29.0,-33.4569,-33.5,47.0000,49.0,201.0,45.0
29/08/2023 07:59:36,24.0,24.0,204.0,209.0,22.0,41.0,-33.4569,-33.5,45.0000,53.0,220.0,42.0
29/08/2023 08:00:07,23.0,24.0,201.0,200.0,23.0,40.0,-33.4569,-33.5,47.0000,47.0,188.0,50.0
29/08/2023 08:00:37,24.0,23.0,202.0,202.0,17.0,20.0,-33.4569,-33.5,49.0000,47.0,203.0,42.0
29/08/2023 08:01:08,24.0,23.0,197.0,190.0,17.0,26.0,-33.4569,-33.5,50.0000,50.0,213.0,44.0
29/08/2023 08:01:39,24.0,24.0,204.0,194.0,27.0,19.0,-33.4569,-33.5,51.0000,54.0,197.0,44.0
29/08/2023 08:02:10,23.0,23.0,203.0,209.0,21.0,42.0,-33.4569,-33.5,50.0000,53.0,186.0,44.0
29/08/2023 08:02:40,23.0,23.0,203.0,202.0,22.0,39.0,-33.4569,-33.5,46.0000,47.0,181.0,42.0
29/08/2023 08:03:11,24.0,24.0,200.0,202.0,16.0,32.0,-33.4569,-33.5,47.0000,51.0,230.0,44.0
29/08/2023 08:03:42,24.0,23.0,204.0,199.0,16.0,38.0,-33.4569,-33.5,47.0000,51.0,209.0,48.0
29/08/2023 08:04:12,23.0,23.0,203.0,191.0,21.0,31.0,-33.4569,-33.5,50.0000,50.0,187.0,45.0
29/08/2023 08:04:43,23.0,24.0,197.0,193.0,17.0,32.0,-33.4569,-33.5,46.0000,49.0,199.0,40.0
29/08/2023 08:05:14,24.0,24.0,199.0,204.0,27.0,32.0,-33.4569,-33.5,46.0000,51.0,193.0,43.0
29/08/2023 08:05:44,24.0,23.0,203.0,207.0,25.0,23.0,-33.4569,-33.5,46.0000,52.0,213.0,45.0
29/08/2023 08:06:15,23.0,23.0,201.0,201.0,25.0,21.0,-33.4569,-33.5,51.0000,53.0,214.0,40.0
29/08/2023 08:06:46,24.0,24.0,195.0,205.0,25.0,19.0,-33.4569,-33.5,48.0000,54.0,212.0,47.0
29/08/2023 08:07:16,23.0,23.0,195.0,203.0,21.0,31.0,-33.4569,-33.5,50.0000,52.0,197.0,49.0
29/08/2023 08:07:47,23.0,23.0,197.0,209.0,25.0,28.0,-33.4569,-33.5,47.0000,48.0,208.0,48.0
29/08/2023 08:08:18,23.0,24.0,203.0,205.0,21.0,42.0,-33.4569,-33.5,49.0000,50.0,204.0,42.0
29/08/2023 08:08:48,23.0,23.0,202.0,198.0,19.0,43.0,-33.4569,-33.5,45.0000,47.0,212.0,49.0
29/08/2023 08:09:19,24.0,24.0,201.0,191.0,23.0,34.0,-33.4569,-33.5,51.0000,51.0,212.0,46.0
29/08/2023 08:09:50,24.0,24.0,195.0,209.0,21.0,44.0,-33.4569,-33.5,51.0000,52.0,187.0,42.0
29/08/2023 08:10:20,23.0,23.0,202.0,209.0,23.0,41.0,-33.4569,-33.5,48.0000,48.0,187.0,48.0
29/08/2023 08:10:51,24.0,24.0,203.0,200.0,19.0,31.0,-33.4569,-33.5,48.0000,49.0,192.0,42.0
29/08/2023 08:11:22,23.0,24.0,197.0,201.0,21.0,44.0,-33.4569,-33.5,50.0000,50.0,181.0,41.0
29/08/2023 08:11:52,24.0,23.0,201.0,190.0,25.0,28.0,-33.4569,-33.5,49.0000,51.0,225.0,48.0
29/08/2023 08:12:23,23.0,24.0,200.0,200.0,22.0,20.0,-33.4569,-33.5,48.0000,54.0,206.0,50.0
29/08/2023 08:12:54,24.0,23.0,198.0,197.0,23.0,44.0,-33.4569,-33.5,50.0000,47.0,239.0,43.0
29/08/2023 08:13:25,24.0,24.0,199.0,202.0,17.0,41.0,-33.4569,-33.5,51.0000,50.0,187.0,41.0
29/08/2023 08:13:55,23.0,23.0,202.0,205.0,18.0,39.0,-33.4569,-33.5,48.0000,51.0,182.0,50.0
29/08/2023 08:14:26,23.0,24.0,196.0,192.0,19.0,19.0,-33.4569,-33.5,47.0000,53.0,215.0,47.0
29/08/2023 08:14:57,24.0,24.0,199.0,204.0,22.0,34.0,-33.4569,-33.5,47.0000,53.0,213.0,40.0
29/08/2023 08:15:27,24.0,24.0,197.0,205.0,18.0,36.0,-33.4569,-33.5,48.0000,48.0,205.0,45.0
29/08/2023 08:15:58,23.0,24.0,202.0,201.0,24.0,24.0,-33.4569,-33.5,49.0000,48.0,206.0,50.0
29/08/2023 08:16:29,24.0,23.0,201.0,199.0,22.0,28.0,-33.4569,-33.5,46.0000,50.0,236.0,48.0
29/08/2023 08:16:59,24.0,23.0,199.0,193.0,27.0,30.0,-33.4569,-33.5,49.0000,50.0,205.0,49.0
29/08/2023 08:17:30,23.0,24.0,201.0,207.0,17.0,26.0,-33.4569,-33.5,45.0000,50.0,202.0,49.0
29/08/2023 08:18:01,24.0,23.0,203.0,190.0,18.0,27.0,-33.4569,-33.5,49.0000,54.0,192.0,48.0
29/08/2023 08:18:31,24.0,24.0,197.0,206.0,26.0,20.0,-33.4569,-33.5,45.0000,52.0,182.0,44.0
29/08/2023 08:19:02,23.0,23.0,198.0,204.0,20.0,21.0,-33.4569,-33.5,49.0000,47.0,180.0,42.0
29/08/2023 08:19:33,23.0,23.0,198.0,205.0,25.0,36.0,-33.4569,-33.5,50.0000,47.0,200.0,48.0
29/08/2023 08:20:03,24.0,23.0,197.0,201.0,24.0,31.0,-33.4569,-33.5,48.0000,53.0,211.0,40.0
29/08/2023 08:20:34,23.0,24.0,200.0,197.0,18.0,40.0,-33.4569,-33.5,49.0000,48.0,214.0,46.0
29/08/2023 08:21:05,24.0,23.0,197.0,202.0,20.0,33.0,-33.4569,-33.5,51.0000,53.0,190.0,45.0
29/08/2023 08:21:35,23.0,23.0,195.0,205.0,17.0,31.0,-33.4569,-33.5,47.0000,52.0,191.0,42.0
29/08/2023 08:22:06,23.0,23.0,196.0,193.0,23.0,27.0,-33.4569,-33.5,45.0000,49.0,229.0,50.0
29/08/2023 08:22:37,23.0,23.0,201.0,196.0,21.0,22.0,-33.4569,-33.5,47.0000,48.0,233.0,40.0
29/08/2023 08:23:08,24.0,23.0,196.0,192.0,17.0,31.0,-33.4569,-33.5,49.0000,48.0,235.0,44.0
29/08/2023 08:23:38,23.0,24.0,196.0,202.0,15.0,33.0,-33.4569,-33.5,49.0000,50.0,188.0,42.0
29/08/2023 08:24:09,23.0,23.0,199.0,193.0,18.0,28.0,-33.4569,-33.5,47.0000,50.0,190.0,48.0
29/08/2023 08:24:40,23.0,23.0,197.0,196.0,15.0,21.0,-33.4569,-33.5,47.0000,48.0,196.0,45.0
29/08/2023 08:25:10,23.0,23.0,195.0,198.0,17.0,39.0,-33.4569,-33.5,48.0000,50.0,194.0,49.0
29/08/2023 08:25:41,24.0,24.0,202.0,190.0,17.0,23.0,-33.4569,-33.5,46.0000,51.0,185.0,45.0
29/08/2023 08:26:12,24.0,24.0,197.0,196.0,18.0,38.0,-33.4569,-33.5,47.0000,52.0,197.0,50.0
29/08/2023 08:26:42,24.0,24.0,199.0,201.0,18.0,33.0,-33.4569,-33.5,45.0000,52.0,182.0,47.0
29/08/2023 08:27:13,23.0,24.0,203.0,203.0,24.0,38.0,-33.4569,-33.5,46.0000,52.0,232.0,41.0
29/08/2023 08:27:44,24.0,23.0,200.0,202.0,19.0,32.0,-33.4569,-33.5,45.0000,50.0,230.0,45.0
29/08/2023 08:28:14,24.0,24.0,198.0,191.0,17.0,26.0,-33.4569,-33.5,46.0000,50.0,200.0,41.0
29/08/2023 08:28:45,23.0,23.0,203.0,194.0,25.0,30.0,-33.4569,-33.5,51.0000,52.0,218.0,47.0
29/08/2023 08:29:16,24.0,23.0,197.0,190.0,22.0,27.0,-33.4569,-33.5,47.0000,53.0,190.0,40.0
29/08/2023 08:29:46,23.0,23.0,198.0,200.0,24.0,22.0,-33.4569,-33.5,46.0000,50.0,212.0,50.0
29/08/2023 08:30:17,24.0,24.0,199.0,195.0,22.0,34.0,-33.4569,-33.5,46.0000,51.0,189.0,41.0
29/08/2023 08:30:48,23.0,24.0,199.0,203.0,23.0,19.0,-33.4569,-33.5,45.0000,52.0,210.0,42.0
29/08/2023 08:31:18,23.0,23.0,200.0,202.0,15.0,29.0,-33.4569,-33.5,45.0000,50.0,201.0,49.0
29/08/2023 08:31:49,24.0,24.0,199.0,192.0,15.0,44.0,-33.4569,-33.5,50.0000,48.0,233.0,43.0
29/08/2023 08:32:20,23.0,24.0,200.0,193.0,20.0,25.0,-33.4569,-33.5,48.0000,53.0,212.0,41.0
29/08/2023 08:32:50,23.0,24.0,199.0,201.0,16.0,26.0,-33.4569,-33.5,51.0000,53.0,228.0,46.0
29/08/2023 08:33:21,24.0,23.0,201.0,195.0,26.0,29.0,-33.4569,-33.5,51.0000,47.0,226.0,46.0
29/08/2023 08:33:52,24.0,23.0,199.0,197.0,15.0,44.0,-33.4569,-33.5,49.0000,49.0,194.0,43.0
29/08/2023 08:34:23,23.0,23.0,199.0,193.0,26.0,33.0,-33.4569,-33.5,46.0000,47.0,195.0,47.0
29/08/2023 08:34:53,24.0,23.0,200.0,191.0,20.0,41.0,-33.4569,-33.5,46.0000,47.0,198.0,47.0
29/08/2023 08:35:24,24.0,23.0,197.0,200.0,27.0,34.0,-33.4569,-33.5,48.0000,54.0,193.0,42.0
29/08/2023 08:35:55,23.0,24.0,196.0,206.0,18.0,19.0,-33.4569,-33.5,47.0000,54.0,218.0,40.0
29/08/2023 08:36:25,24.0,24.0,200.0,203.0,16.0,24.0,-33.4569,-33.5,50.0000,47.0,215.0,49.0
29/08/2023 08:36:56,23.0,24.0,202.0,207.0,18.0,28.0,-33.4569,-33.5,51.0000,54.0,238.0,43.0
29/08/2023 08:37:27,23.0,24.0,201.0,203.0,24.0,34.0,-33.4569,-33.5,45.0000,54.0,211.0,49.0
29/08/2023 08:37:57,23.0,23.0,199.0,192.0,16.0,29.0,-33.4569,-33.5,50.0000,49.0,217.0,42.0
29/08/2023 08:38:28,23.0,23.0,200.0,192.0,17.0,28.0,-33.4569,-33.5,49.0000,48.0,232.0,47.0
29/08/2023 08:38:59,24.0,23.0,203.0,199.0,24.0,20.0,-33.4569,-33.5,49.0000,47.0,223.0,42.0
29/08/2023 08:39:29,24.0,24.0,200.0,199.0,17.0,21.0,-33.4569,-33.5,45.0000,49.0,215.0,47.0
29/08/2023 08:40:00,23.0,23.0,199.0,202.0,20.0,25.0,-33.4569,-33.5,50.0000,51.0,208.0,42.0
29/08/2023 08:40:31,23.0,24.0,201.0,190.0,22.0,29.0,-33.4569,-33.5,45.0000,50.0,195.0,43.0
29/08/2023 08:41:01,24.0,24.0,199.0,190.0,16.0,41.0,-33.4569,-33.5,45.0000,47.0,184.0,46.0
29/08/2023 08:41:32,24.0,24.0,197.0,203.0,22.0,44.0,-33.4569,-33.5,47.0000,50.0,214.0,46.0
29/08/2023 08:42:03,23.0,23.0,202.0,203.0,19.0,38.0,-33.4569,-33.5,49.0000,52.0,232.0,45.0
29/08/2023 08:42:33,24.0,24.0,201.0,205.0,17.0,27.0,-33.4569,-33.5,46.0000,47.0,229.0,43.0
29/08/2023 08:43:04,24.0,23.0,195.0,208.0,20.0,35.0,-33.4569,-33.5,50.0000,52.0,211.0,48.0
29/08/2023 08:43:35,23.0,23.0,203.0,205.0,27.0,38.0,-33.4569,-33.5,46.0000,51.0,229.0,48.0
29/08/2023 08:44:06,24.0,24.0,200.0,204.0,19.0,32.0,-33.4569,-33.5,47.0000,54.0,208.0,50.0
29/08/2023 08:44:36,23.0,23.0,200.0,192.0,17.0,42.0,-33.4569,-33.5,48.0000,50.0,183.0,48.0
29/08/2023 08:45:07,24.0,24.0,197.0,200.0,23.0,28.0,-33.4569,-33.5,45.0000,49.0,202.0,49.0
29/08/2023 08:45:38,23.0,24.0,195.0,196.0,22.0,43.0,-33.4569,-33.5,46.0000,48.0,182.0,46.0
29/08/2023 08:46:08,23.0,24.0,203.0,203.0,19.0,41.0,-33.4569,-33.5,50.0000,49.0,197.0,44.0
29/08/2023 08:46:39,23.0,23.0,204.0,202.0,16.0,22.0,-33.4569,-33.5,50.0000,52.0,211.0,45.0
29/08/2023 08:47:10,23.0,23.0,199.0,207.0,25.0,26.0,-33.4569,-33.5,46.0000,50.0,193.0,44.0
29/08/2023 08:47:40,23.0,24.0,197.0,196.0,23.0,19.0,-33.4569,-33.5,47.0000,51.0,181.0,46.0
29/08/2023 08:48:11,24.0,24.0,203.0,190.0,25.0,29.0,-33.4569,-33.5,45.0000,50.0,192.0,50.0
29/08/2023 08:48:42,23.0,23.0,196.0,199.0,27.0,26.0,-33.4569,-33.5,50.0000,49.0,219.0,44.0
29/08/2023 08:49:12,23.0,23.0,200.0,191.0,18.0,30.0,-33.4569,-33.5,47.0000,48.0,213.0,48.0
29/08/2023 08:49:43,23.0,23.0,195.0,209.0,27.0,28.0,-33.4569,-33.5,48.0000,51.0,224.0,47.0
29/08/2023 08:50:14,23.0,23.0,196.0,192.0,25.0,21.0,-33.4569,-33.5,51.0000,54.0,185.0,40.0
29/08/2023 08:50:44,23.0,24.0,199.0,194.0,18.0,44.0,-33.4569,-33.5,51.0000,53.0,198.0,49.0
29/08/2023 08:51:15,24.0,24.0,197.0,206.0,17.0,44.0,-33.4569,-33.5,48.0000,52.0,229.0,45.0
29/08/2023 08:51:46,24.0,23.0,202.0,206.0,22.0,33.0,-33.4569,-33.5,50.0000,50.0,232.0,44.0
29/08/2023 08:52:16,23.0,23.0,195.0,200.0,27.0,19.0,-33.4569,-33.5,45.0000,53.0,183.0,41.0
29/08/2023 08:52:47,24.0,24.0,196.0,190.0,23.0,43.0,-33.4569,-33.5,49.0000,52.0,229.0,45.0
29/08/2023 08:53:18,24.0,24.0,203.0,208.0,15.0,23.0,-33.4569,-33.5,46.0000,52.0,214.0,49.0
29/08/2023 08:53:48,24.0,24.0,196.0,206.0,22.0,27.0,-33.4569,-33.5,50.0000,53.0,229.0,40.0
29/08/2023 08:54:19,23.0,23.0,202.0,197.0,24.0,39.0,-33.4569,-33.5,47.0000,47.0,226.0,49.0
29/08/2023 08:54:50,23.0,24.0,200.0,209.0,16.0,30.0,-33.4569,-33.5,50.0000,51.0,203.0,41.0
29/08/2023 08:55:21,23.0,23.0,199.0,194.0,20.0,22.0,-33.4569,-33.5,48.0000,54.0,212.0,45.0
29/08/2023 08:55:51,23.0,24.0,196.0,207.0,21.0,36.0,-33.4569,-33.5,50.0000,51.0,207.0,49.0
29/08/2023 08:56:22,23.0,24.0,196.0,202.0,16.0,41.0,-33.4569,-33.5,49.0000,47.0,221.0,47.0
29/08/2023 08:56:53,24.0,24.0,200.0,192.0,19.0,31.0,-33.4569,-33.5,47.0000,54.0,214.0,40.0
29/08/2023 08:57:23,24.0,23.0,197.0,207.0,19.0,33.0,-33.4569,-33.5,50.0000,54.0,233.0,42.0
29/08/2023 08:57:54,23.0,24.0,197.0,205.0,25.0,40.0,-33.4569,-33.5,51.0000,48.0,222.0,45.0
29/08/2023 08:58:25,24.0,24.0,195.0,195.0,27.0,32.0,-33.4569,-33.5,47.0000,47.0,221.0,46.0
29/08/2023 08:58:55,24.0,24.0,199.0,197.0,27.0,38.0,-33.4569,-33.5,46.0000,50.0,187.0,49.0
29/08/2023 08:59:26,24.0,24.0,203.0,191.0,16.0,19.0,-33.4569,-33.5,49.0000,52.0,207.0,48.0
29/08/2023 08:59:57,23.0,23.0,203.0,199.0,17.0,22.0,-33.4569,-33.5,50.0000,53.0,214.0,44.0
29/08/2023 09:00:27,23.0,24.0,199.0,198.0,19.0,39.0,-33.4569,-33.5,45.0000,52.0,188.0,40.0
29/08/2023 09:00:58,24.0,24.0,199.0,198.0,25.0,38.0,-33.4569,-33.5,47.0000,54.0,182.0,41.0
29/08/2023 09:01:29,23.0,23.0,203.0,206.0,16.0,30.0,-33.4569,-33.5,47.0000,54.0,180.0,49.0
29/08/2023 09:01:59,24.0,23.0,198.0,209.0,18.0,41.0,-33.4569,-33.5,51.0000,54.0,191.0,48.0
29/08/2023 09:02:30,23.0,24.0,197.0,192.0,19.0,43.0,-33.4569,-33.5,49.0000,51.0,193.0,45.0
29/08/2023 09:03:01,24.0,23.0,203.0,199.0,17.0,41.0,-33.4569,-33.5,47.0000,51.0,207.0,46.0
29/08/2023 09:03:31,24.0,24.0,204.0,197.0,27.0,40.0,-33.4569,-33.5,48.0000,53.0,192.0,42.0
29/08/2023 09:04:02,24.0,23.0,201.0,198.0,23.0,37.0,-33.4569,-33.5,46.0000,54.0,236.0,46.0
29/08/2023 09:04:33,24.0,23.0,198.0,206.0,16.0,26.0,-33.4569,-33.5,47.0000,54.0,234.0,49.0
29/08/2023 09:05:04,23.0,23.0,201.0,208.0,17.0,43.0,-33.4569,-33.5,48.0000,52.0,196.0,42.0
29/08/2023 09:05:34,24.0,24.0,199.0,197.0,23.0,27.0,-33.4569,-33.5,45.0000,53.0,223.0,45.0
29/08/2023 09:06:05,23.0,24.0,204.0,193.0,18.0,27.0,-33.4569,-33.5,49.0000,50.0,203.0,43.0
29/08/2023 09:06:36,24.0,23.0,200.0,207.0,26.0,25.0,-33.4569,-33.5,47.0000,51.0,234.0,40.0
29/08/2023 09:07:06,24.0,23.0,196.0,204.0,15.0,33.0,-33.4569,-33.5,48.0000,53.0,237.0,44.0
29/08/2023 09:07:37,23.0,24.0,199.0,191.0,23.0,37.0,-33.4569,-33.5,48.0000,49.0,211.0,44.0
29/08/2023 09:08:08,23.0,23.0,196.0,196.0,23.0,43.0,-33.4569,-33.5,48.0000,48.0,195.0,47.0
29/08/2023 09:08:38,24.0,23.0,196.0,198.0,18.0,43.0,-33.4569,-33.5,50.0000,52.0,225.0,49.0
29/08/2023 09:09:09,23.0,24.0,201.0,209.0,15.0,43.0,-33.4569,-33.5,50.0000,47.0,226.0,49.0
29/08/2023 09:09:40,24.0,24.0,203.0,195.0,19.0,34.0,-33.4569,-33.5,47.0000,52.0,218.0,47.0
29/08/2023 09:10:10,23.0,23.0,197.0,192.0,23.0,33.0,-33.4569,-33.5,51.0000,54.0,221.0,48.0
29/08/2023 09:10:41,24.0,23.0,203.0,204.0,27.0,21.0,-33.4569,-33.5,46.0000,51.0,211.0,50.0
29/08/2023 09:11:12,24.0,24.0,202.0,196.0,19.0,25.0,-33.4569,-33.5,48.0000,47.0,235.0,50.0
29/08/2023 09:11:42,24.0,24.0,204.0,204.0,23.0,22.0,-33.4569,-33.5,51.0000,50.0,222.0,43.0
29/08/2023 09:12:13,23.0,23.0,195.0,199.0,17.0,34.0,-33.4569,-33.5,47.0000,48.0,209.0,43.0
29/08/2023 09:12:44,24.0,24.0,196.0,193.0,23.0,20.0,-33.4569,-33.5,47.0000,49.0,222.0,49.0
29/08/2023 09:13:14,24.0,23.0,203.0,197.0,23.0,20.0,-33.4569,-33.5,45.0000,51.0,223.0,47.0
29/08/2023 09:13:45,24.0,23.0,200.0,202.0,22.0,33.0,-33.4569,-33.5,49.0000,54.0,223.0,48.0
29/08/2023 09:14:16,23.0,23.0,203.0,193.0,21.0,39.0,-33.4569,-33.5,50.0000,52.0,233.0,50.0
29/08/2023 09:14:46,24.0,23.0,195.0,204.0,23.0,36.0,-33.4569,-33.5,49.0000,49.0,183.0,44.0
29/08/2023 09:15:17,23.0,23.0,195.0,201.0,15.0,34.0,-33.4569,-33.5,46.0000,50.0,216.0,50.0
29/08/2023 09:15:48,24.0,24.0,201.0,198.0,20.0,38.0,-33.4569,-33.5,50.0000,51.0,195.0,43.0
29/08/2023 09:16:19,23.0,24.0,202.0,198.0,21.0,30.0,-33.4569,-33.5,49.0000,52.0,200.0,47.0
29/08/2023 09:16:49,23.0,24.0,202.0,204.0,21.0,28.0,-33.4569,-33.5,50.0000,54.0,231.0,44.0
29/08/2023 09:17:20,24.0,24.0,200.0,207.0,20.0,43.0,-33.4569,-33.5,49.0000,48.0,236.0,41.0
29/08/2023 09:17:51,24.0,24.0,199.0,194.0,25.0,26.0,-33.4569,-33.5,46.0000,52.0,221.0,48.0
29/08/2023 09:18:21,23.0,23.0,196.0,190.0,22.0,42.0,-33.4569,-33.5,46.0000,53.0,219.0,40.0
29/08/2023 09:18:52,23.0,24.0,200.0,208.0,16.0,33.0,-33.4569,-33.5,46.0000,51.0,199.0,41.0
29/08/2023 09:19:23,23.0,23.0,202.0,205.0,27.0,20.0,-33.4569,-33.5,50.0000,49.0,236.0,45.0
29/08/2023 09:19:53,23.0,24.0,202.0,194.0,26.0,29.0,-33.4569,-33.5,46.0000,50.0,239.0,42.0
29/08/2023 09:20:24,24.0,23.0,196.0,195.0,19.0,33.0,-33.4569,-33.5,49.0000,47.0,230.0,50.0
29/08/2023 09:20:55,24.0,23.0,195.0,201.0,18.0,30.0,-33.4569,-33.5,47.0000,52.0,202.0,41.0
29/08/2023 09:21:25,24.0,23.0,202.0,207.0,19.0,25.0,-33.4569,-33.5,46.0000,52.0,208.0,42.0
29/08/2023 09:21:56,23.0,24.0,196.0,192.0,24.0,38.0,-33.4569,-33.5,47.0000,51.0,220.0,47.0
29/08/2023 09:22:27,24.0,24.0,199.0,201.0,16.0,38.0,-33.4569,-33.5,50.0000,50.0,197.0,48.0
29/08/2023 09:22:57,23.0,24.0,196.0,207.0,19.0,29.0,-33.4569,-33.5,45.0000,52.0,207.0,43.0
29/08/2023 09:23:28,23.0,24.0,200.0,207.0,20.0,20.0,-33.4569,-33.5,45.0000,47.0,180.0,42.0
29/08/2023 09:23:59,23.0,24.0,204.0,199.0,23.0,38.0,-33.4569,-33.5,51.0000,53.0,205.0,43.0
29/08/2023 09:24:29,24.0,24.0,198.0,195.0,23.0,43.0,-33.4569,-33.5,51.0000,50.0,208.0,45.0
29/08/2023 09:25:00,24.0,24.0,200.0,207.0,22.0,26.0,-33.4569,-33.5,48.0000,47.0,194.0,45.0
29/08/2023 09:25:31,23.0,23.0,203.0,191.0,21.0,19.0,-33.4569,-33.5,47.0000,50.0,225.0,47.0
29/08/2023 09:26:02,23.0,23.0,196.0,192.0,24.0,33.0,-33.4569,-33.5,48.0000,48.0,207.0,42.0
29/08/2023 09:26:32,24.0,23.0,198.0,205.0,15.0,28.0,-33.4569,-33.5,47.0000,53.0,184.0,49.0
29/08/2023 09:27:03,23.0,24.0,202.0,201.0,16.0,35.0,-33.4569,-33.5,45.0000,49.0,237.0,45.0
29/08/2023 09:27:34,24.0,23.0,199.0,200.0,20.0,33.0,-33.4569,-33.5,50.0000,47.0,221.0,43.0
29/08/2023 09:28:04,24.0,24.0,204.0,203.0,20.0,26.0,-33.4569,-33.5,49.0000,50.0,203.0,46.0
29/08/2023 09:28:35,24.0,24.0,199.0,195.0,22.0,32.0,-33.4569,-33.5,47.0000,54.0,201.0,48.0
29/08/2023 09:29:06,24.0,23.0,203.0,197.0,24.0,21.0,-33.4569,-33.5,47.0000,49.0,212.0,47.0
29/08/2023 09:29:36,24.0,23.0,198.0,207.0,22.0,32.0,-33.4569,-33.5,48.0000,54.0,194.0,44.0
29/08/2023 09:30:07,23.0,23.0,196.0,190.0,16.0,33.0,-33.4569,-33.5,46.0000,54.0,234.0,44.0
29/08/2023 09:30:38,24.0,23.0,201.0,202.0,15.0,33.0,-33.4569,-33.5,49.0000,54.0,196.0,46.0
29/08/2023 09:31:08,24.0,23.0,203.0,199.0,24.0,29.0,-33.4569,-33.5,50.0000,54.0,232.0,42.0
29/08/2023 09:31:39,23.0,23.0,197.0,191.0,26.0,22.0,-33.4569,-33.5,49.0000,51.0,211.0,45.0
29/08/2023 09:32:10,23.0,24.0,203.0,200.0,22.0,29.0,-33.4569,-33.5,51.0000,51.0,202.0,44.0
29/08/2023 09:32:40,23.0,24.0,199.0,205.0,27.0,27.0,-33.4569,-33.5,49.0000,52.0,238.0,48.0
29/08/2023 09:33:11,23.0,23.0,197.0,195.0,27.0,34.0,-33.4569,-33.5,51.0000,54.0,217.0,41.0
29/08/2023 09:33:42,24.0,24.0,202.0,205.0,26.0,26.0,-33.4569,-33.5,51.0000,49.0,235.0,41.0
29/08/2023 09:34:12,24.0,24.0,197.0,202.0,25.0,25.0,-33.4569,-33.5,49.0000,54.0,196.0,47.0
29/08/2023 09:34:43,24.0,23.0,203.0,201.0,20.0,35.0,-33.4569,-33.5,50.0000,53.0,228.0,45.0
29/08/2023 09:35:14,24.0,24.0,199.0,207.0,27.0,22.0,-33.4569,-33.5,48.0000,54.0,226.0,45.0
29/08/2023 09:35:44,23.0,24.0,204.0,204.0,21.0,37.0,-33.4569,-33.5,46.0000,48.0,221.0,46.0
29/08/2023 09:36:15,24.0,24.0,198.0,190.0,17.0,36.0,-33.4569,-33.5,47.0000,47.0,227.0,44.0
29/08/2023 09:36:46,23.0,24.0,201.0,190.0,17.0,38.0,-33.4569,-33.5,50.0000,47.0,212.0,48.0
29/08/2023 09:37:17,24.0,23.0,195.0,209.0,15.0,29.0,-33.4569,-33.5,46.0000,50.0,232.0,42.0
29/08/2023 09:37:47,23.0,24.0,203.0,202.0,26.0,43.0,-33.4569,-33.5,51.0000,48.0,185.0,44.0
29/08/2023 09:38:18,24.0,23.0,202.0,202.0,25.0,29.0,-33.4569,-33.5,51.0000,47.0,204.0,43.0
29/08/2023 09:38:49,23.0,24.0,195.0,203.0,26.0,27.0,-33.4569,-33.5,46.0000,54.0,194.0,44.0
29/08/2023 09:39:19,23.0,24.0,196.0,199.0,17.0,27.0,-33.4569,-33.5,45.0000,47.0,186.0,44.0
29/08/2023 09:39:50,23.0,23.0,196.0,207.0,25.0,41.0,-33.4569,-33.5,45.0000,52.0,214.0,49.0
29/08/2023 09:40:21,24.0,23.0,202.0,209.0,19.0,20.0,-33.4569,-33.5,49.0000,48.0,234.0,47.0
29/08/2023 09:40:51,23.0,23.0,200.0,201.0,16.0,41.0,-33.4569,-33.5,47.0000,50.0,195.0,46.0
29/08/2023 09:41:22,23.0,24.0,196.0,190.0,24.0,44.0,-33.4569,-33.5,47.0000,49.0,198.0,40.0
29/08/2023 09:41:53,23.0,23.0,201.0,198.0,25.0,28.0,-33.4569,-33.5,49.0000,52.0,226.0,41.0
29/08/2023 09:42:23,24.0,23.0,204.0,195.0,24.0,22.0,-33.4569,-33.5,45.0000,50.0,213.0,42.0
29/08/2023 09:42:54,24.0,24.0,196.0,190.0,16.0,27.0,-33.4569,-33.5,50.0000,49.0,238.0,47.0
29/08/2023 09:43:25,23.0,24.0,195.0,198.0,19.0,22.0,-33.4569,-33.5,49.0000,54.0,182.0,45.0
29/08/2023 09:43:55,23.0,24.0,199.0,207.0,24.0,34.0,-33.4569,-33.5,51.0000,51.0,195.0,44.0
29/08/2023 09:44:26,23.0,23.0,199.0,201.0,15.0,28.0,-33.4569,-33.5,46.0000,52.0,216.0,41.0
29/08/2023 09:44:57,24.0,23.0,195.0,196.0,27.0,33.0,-33.4569,-33.5,50.0000,54.0,183.0,44.0
29/08/2023 09:45:27,24.0,23.0,199.0,191.0,18.0,43.0,-33.4569,-33.5,46.0000,49.0,185.0,40.0
29/08/2023 09:45:58,24.0,24.0,200.0,191.0,26.0,37.0,-33.4569,-33.5,48.0000,49.0,217.0,48.0
29/08/2023 09:46:29,24.0,23.0,198.0,203.0,17.0,23.0,-33.4569,-33.5,48.0000,47.0,193.0,42.0
29/08/2023 09:47:00,24.0,24.0,198.0,204.0,20.0,24.0,-33.4569,-33.5,45.0000,50.0,233.0,50.0
29/08/2023 09:47:30,23.0,24.0,203.0,205.0,20.0,24.0,-33.4569,-33.5,51.0000,52.0,234.0,46.0
29/08/2023 09:48:01,23.0,24.0,199.0,198.0,16.0,43.0,-33.4569,-33.5,46.0000,54.0,237.0,47.0
29/08/2023 09:48:32,24.0,23.0,203.0,195.0,18.0,28.0,-33.4569,-33.5,48.0000,47.0,190.0,48.0
29/08/2023 09:49:02,24.0,24.0,195.0,198.0,18.0,34.0,-33.4569,-33.5,46.0000,48.0,201.0,48.0
29/08/2023 09:49:33,24.0,23.0,198.0,193.0,16.0,26.0,-33.4569,-33.5,50.0000,52.0,212.0,40.0
29/08/2023 09:50:04,24.0,23.0,195.0,193.0,18.0,42.0,-33.4569,-33.5,45.0000,51.0,214.0,41.0
29/08/2023 09:50:34,23.0,23.0,203.0,200.0,19.0,38.0,-33.4569,-33.5,47.0000,52.0,188.0,46.0
29/08/2023 09:51:05,23.0,23.0,202.0,208.0,22.0,29.0,-33.4569,-33.5,45.0000,47.0,201.0,40.0
29/08/2023 09:51:36,24.0,24.0,202.0,194.0,17.0,34.0,-33.4569,-33.5,48.0000,51.0,223.0,44.0
29/08/2023 09:52:06,24.0,24.0,195.0,193.0,22.0,25.0,-33.4569,-33.5,51.0000,49.0,180.0,40.0
29/08/2023 09:52:37,24.0,23.0,202.0,208.0,25.0,33.0,-33.4569,-33.5,49.0000,48.0,188.0,50.0
29/08/2023 09:53:08,23.0,23.0,201.0,197.0,19.0,27.0,-33.4569,-33.5,51.0000,48.0,200.0,48.0
29/08/2023 09:53:38,23.0,23.0,201.0,203.0,25.0,20.0,-33.4569,-33.5,46.0000,50.0,196.0,42.0
29/08/2023 09:54:09,23.0,24.0,200.0,192.0,27.0,21.0,-33.4569,-33.5,49.0000,52.0,190.0,44.0
29/08/2023 09:54:40,23.0,24.0,202.0,206.0,26.0,28.0,-33.4569,-33.5,50.0000,51.0,220.0,43.0
29/08/2023 09:55:10,23.0,23.0,196.0,201.0,17.0,28.0,-33.4569,-33.5,47.0000,49.0,216.0,40.0
29/08/2023 09:55:41,23.0,24.0,195.0,197.0,22.0,29.0,-33.4569,-33.5,48.0000,47.0,215.0,50.0
29/08/2023 09:56:12,23.0,23.0,201.0,199.0,26.0,21.0,-33.4569,-33.5,50.0000,54.0,187.0,47.0
29/08/2023 09:56:42,23.0,24.0,196.0,198.0,26.0,23.0,-33.4569,-33.5,46.0000,48.0,189.0,40.0
29/08/2023 09:57:13,24.0,24.0,196.0,190.0,18.0,27.0,-33.4569,-33.5,48.0000,54.0,203.0,50.0
29/08/2023 09:57:44,23.0,24.0,197.0,192.0,15.0,33.0,-33.4569,-33.5,47.0000,51.0,187.0,41.0
29/08/2023 09:58:15,24.0,24.0,199.0,207.0,24.0,23.0,-33.4569,-33.5,46.0000,54.0,180.0,43.0
29/08/2023 09:58:45,24.0,24.0,195.0,202.0,17.0,32.0,-33.4569,-33.5,46.0000,49.0,228.0,48.0
29/08/2023 09:59:16,24.0,23.0,200.0,195.0,26.0,27.0,-33.4569,-33.5,45.0000,53.0,231.0,50.0
29/08/2023 09:59:47,24.0,23.0,200.0,191.0,19.0,22.0,-33.4569,-33.5,48.0000,47.0,186.0,41.0
29/08/2023 10:00:17,24.0,23.0,202.0,197.0,20.0,31.0,-33.4569,-33.5,45.0000,48.0,187.0,47.0
29/08/2023 10:00:48,24.0,23.0,197.0,200.0,20.0,37.0,-33.4569,-33.5,50.0000,54.0,198.0,45.0
29/08/2023 10:01:19,24.0,23.0,195.0,199.0,16.0,28.0,-33.4569,-33.5,51.0000,50.0,190.0,48.0
29/08/2023 10:01:49,23.0,23.0,200.0,201.0,24.0,22.0,-33.4569,-33.5,48.0000,48.0,205.0,43.0
29/08/2023 10:02:20,24.0,24.0,197.0,201.0,21.0,27.0,-33.4569,-33.5,46.0000,53.0,193.0,40.0
29/08/2023 10:02:51,24.0,24.0,203.0,198.0,25.0,42.0,-33.4569,-33.5,47.0000,51.0,187.0,43.0
29/08/2023 10:03:21,23.0,24.0,196.0,209.0,25.0,35.0,-33.4569,-33.5,47.0000,49.0,234.0,50.0
29/08/2023 10:03:52,23.0,23.0,203.0,194.0,17.0,43.0,-33.4569,-33.5,47.0000,52.0,219.0,48.0
29/08/2023 10:04:23,24.0,23.0,204.0,197.0,15.0,44.0,-33.4569,-33.5,50.0000,47.0,185.0,43.0
29/08/2023 10:04:53,23.0,24.0,201.0,192.0,17.0,34.0,-33.4569,-33.5,45.0000,48.0,215.0,46.0
29/08/2023 10:05:24,23.0,24.0,202.0,193.0,22.0,19.0,-33.4569,-33.5,50.0000,47.0,203.0,43.0
29/08/2023 10:05:55,24.0,23.0,199.0,191.0,17.0,29.0,-33.4569,-33.5,51.0000,48.0,193.0,49.0
29/08/2023 10:06:26,23.0,24.0,203.0,201.0,15.0,27.0,-33.4569,-33.5,45.0000,51.0,199.0,49.0
29/08/2023 10:06:56,24.0,23.0,204.0,209.0,24.0,40.0,-33.4569,-33.5,48.0000,53.0,231.0,49.0
29/08/2023 10:07:27,24.0,23.0,201.0,209.0,25.0,34.0,-33.4569,-33.5,49.0000,50.0,194.0,46.0
29/08/2023 10:07:58,23.0,24.0,201.0,206.0,25.0,27.0,-33.4569,-33.5,49.0000,53.0,220.0,41.0
29/08/2023 10:08:28,23.0,23.0,201.0,205.0,23.0,27.0,-33.4569,-33.5,46.0000,54.0,206.0,41.0
29/08/2023 10:08:59,24.0,23.0,200.0,195.0,24.0,29.0,-33.4569,-33.5,47.0000,50.0,202.0,47.0
29/08/2023 10:15:55,24.0,24.0,195.0,202.0,27.0,40.0,-33.4569,-33.5,48.0000,51.0,205.0,50.0
29/08/2023 10:20:55,24.0,24.0,198.0,194.0,27.0,19.0,-33.4569,-33.5,46.0000,49.0,193.0,44.0
29/08/2023 10:25:54,24.0,24.0,200.0,198.0,26.0,27.0,-33.4569,-33.5,51.0000,53.0,197.0,40.0
29/08/2023 10:30:53,23.0,24.0,200.0,199.0,25.0,43.0,-33.4569,-33.5,45.0000,50.0,226.0,47.0
29/08/2023 10:35:53,24.0,23.0,196.0,196.0,20.0,41.0,-33.4569,-33.5,50.0000,51.0,185.0,47.0
29/08/2023 10:40:52,23.0,24.0,195.0,196.0,22.0,41.0,-33.4569,-33.5,45.0000,48.0,181.0,46.0
29/08/2023 10:45:52,24.0,23.0,203.0,200.0,25.0,22.0,-33.4569,-33.5,47.0000,49.0,193.0,48.0
29/08/2023 10:50:51,23.0,24.0,202.0,199.0,23.0,33.0,-33.4569,-33.5,46.0000,51.0,192.0,42.0
29/08/2023 10:55:51,24.0,23.0,199.0,204.0,17.0,22.0,-33.4569,-33.5,50.0000,48.0,200.0,49.0
29/08/2023 11:00:50,23.0,24.0,197.0,202.0,19.0,36.0,-33.4569,-33.5,49.0000,49.0,222.0,41.0
29/08/2023 11:05:49,23.0,24.0,197.0,196.0,22.0,44.0,-33.4569,-33.5,48.0000,49.0,223.0,43.0
29/08/2023 11:10:48,24.0,23.0,197.0,194.0,26.0,42.0,-33.4569,-33.5,48.0000,51.0,216.0,40.0
29/08/2023 11:15:48,24.0,24.0,203.0,198.0,21.0,36.0,-33.4569,-33.5,49.0000,49.0,193.0,48.0
29/08/2023 11:20:47,23.0,23.0,202.0,199.0,20.0,44.0,-33.4569,-33.5,46.0000,51.0,228.0,45.0
29/08/2023 11:25:46,24.0,24.0,203.0,209.0,15.0,25.0,-33.4569,-33.5,48.0000,53.0,189.0,42.0
29/08/2023 11:30:45,24.0,24.0,199.0,208.0,18.0,42.0,-33.4569,-33.5,48.0000,52.0,195.0,49.0
29/08/2023 11:35:45,24.0,23.0,202.0,195.0,20.0,35.0,-33.4569,-33.5,51.0000,50.0,193.0,47.0
29/08/2023 11:40:44,24.0,23.0,204.0,191.0,21.0,25.0,-33.4569,-33.5,46.0000,51.0,210.0,45.0
29/08/2023 11:45:44,23.0,23.0,202.0,206.0,15.0,43.0,-33.4569,-33.5,46.0000,48.0,203.0,40.0
29/08/2023 11:50:43,23.0,23.0,197.0,209.0,24.0,41.0,-33.4569,-33.5,45.0000,48.0,189.0,42.0
29/08/2023 11:55:42,24.0,23.0,203.0,203.0,17.0,43.0,-33.4569,-33.5,47.0000,47.0,239.0,50.0
29/08/2023 12:00:41,24.0,24.0,196.0,197.0,24.0,30.0,-33.4569,-33.5,49.0000,51.0,200.0,43.0
29/08/2023 12:05:41,24.0,23.0,195.0,198.0,22.0,24.0,-33.4569,-33.5,45.0000,48.0,182.0,41.0
29/08/2023 12:10:40,24.0,23.0,198.0,204.0,25.0,26.0,-33.4569,-33.5,51.0000,48.0,239.0,41.0
29/08/2023 12:15:39,24.0,24.0,204.0,203.0,20.0,35.0,-33.4569,-33.5,51.0000,53.0,187.0,42.0
29/08/2023 12:20:38,23.0,24.0,198.0,191.0,26.0,42.0,-33.4569,-33.5,47.0000,50.0,218.0,42.0
29/08/2023 12:25:38,23.0,24.0,204.0,199.0,19.0,36.0,-33.4569,-33.5,50.0000,52.0,190.0,49.0
29/08/2023 12:30:37,24.0,23.0,198.0,206.0,17.0,21.0,-33.4569,-33.5,45.0000,54.0,211.0,47.0
29/08/2023 12:35:36,24.0,24.0,203.0,201.0,23.0,20.0,-33.4569,-33.5,50.0000,52.0,193.0,40.0
29/08/2023 12:40:35,23.0,23.0,202.0,204.0,23.0,24.0,-33.4569,-33.5,49.0000,47.0,223.0,45.0
29/08/2023 12:45:35,23.0,24.0,198.0,199.0,25.0,21.0,-33.4569,-33.5,46.0000,50.0,182.0,46.0
29/08/2023 12:50:34,23.0,24.0,203.0,208.0,23.0,40.0,-33.4569,-33.5,48.0000,53.0,197.0,49.0
29/08/2023 12:55:33,24.0,23.0,197.0,205.0,23.0,31.0,-33.4569,-33.5,50.0000,51.0,230.0,47.0
29/08/2023 13:00:32,24.0,23.0,195.0,204.0,17.0,28.0,-33.4569,-33.5,50.0000,52.0,207.0,41.0
29/08/2023 13:05:31,23.0,24.0,199.0,192.0,15.0,26.0,-33.4569,-33.5,45.0000,52.0,227.0,49.0
29/08/2023 13:10:31,24.0,23.0,204.0,207.0,27.0,43.0,-33.4569,-33.5,47.0000,50.0,229.0,44.0
29/08/2023 13:15:30,23.0,24.0,203.0,197.0,19.0,23.0,-33.4569,-33.5,48.0000,47.0,236.0,41.0
29/08/2023 13:20:29,23.0,23.0,202.0,203.0,27.0,23.0,-33.4569,-33.5,50.0000,50.0,215.0,40.0
29/08/2023 13:25:28,23.0,23.0,199.0,204.0,24.0,29.0,-33.4569,-33.5,48.0000,47.0,200.0,45.0
29/08/2023 13:30:28,24.0,23.0,201.0,192.0,16.0,38.0,-33.4569,-33.5,46.0000,49.0,218.0,41.0
29/08/2023 13:35:27,24.0,24.0,199.0,199.0,19.0,40.0,-33.4569,-33.5,49.0000,49.0,184.0,47.0
29/08/2023 13:40:26,23.0,24.0,200.0,190.0,17.0,26.0,-33.4569,-33.5,51.0000,49.0,230.0,49.0
29/08/2023 13:45:25,24.0,23.0,199.0,196.0,24.0,25.0,-33.4569,-33.5,45.0000,52.0,189.0,41.0
29/08/2023 13:50:25,24.0,23.0,202.0,207.0,21.0,22.0,-33.4569,-33.5,51.0000,47.0,223.0,41.0
29/08/2023 13:55:24,23.0,24.0,202.0,193.0,24.0,31.0,-33.4569,-33.5,47.0000,53.0,183.0,47.0
